outcome,model,fold,cv_strategy,n_train,n_test,rmse,mae,r2_oos,r2_insample
diabetes,HRSN + Covariates,0,Random (10-fold),54115,6013,0.3492024403155274,0.26948168324186267,0.8781721784703894,0.8754143761071196
diabetes,HRSN + Covariates,1,Random (10-fold),54115,6013,0.344817606129763,0.2649757100404319,0.8771755695402504,0.8755255776755652
diabetes,HRSN + Covariates,2,Random (10-fold),54115,6013,0.356251401262576,0.27051886206371656,0.8784369442478587,0.8753611356934125
diabetes,HRSN + Covariates,3,Random (10-fold),54115,6013,0.34578800058829323,0.2639534470790939,0.8791651866834954,0.8753092379137024
diabetes,HRSN + Covariates,4,Random (10-fold),54115,6013,0.3503159962737601,0.26797617545123087,0.8790335511468854,0.8753091687461874
diabetes,HRSN + Covariates,5,Random (10-fold),54115,6013,0.3574023060203261,0.27096589954902844,0.8753351896907395,0.8757288875088263
diabetes,HRSN + Covariates,6,Random (10-fold),54115,6013,0.35434148311065816,0.26699404850523795,0.8680664570087048,0.8764872065130542
diabetes,HRSN + Covariates,7,Random (10-fold),54115,6013,0.3573630299744804,0.2723816601640021,0.8708357957425058,0.8762186487028747
diabetes,HRSN + Covariates,8,Random (10-fold),54116,6012,0.35575375873346055,0.2705327925752871,0.8726884408815158,0.8760178502422646
diabetes,HRSN + Covariates,9,Random (10-fold),54116,6012,0.3557977519525347,0.26596060681096784,0.8761218021345683,0.8756394612296373
diabetes,SVI + Covariates,0,Random (10-fold),54115,6013,0.4882608755286964,0.3620510816655696,0.7618252108019712,0.7649782081032536
diabetes,SVI + Covariates,1,Random (10-fold),54115,6013,0.4784238722126951,0.35648040362623534,0.7635542143864745,0.7647656564605236
diabetes,SVI + Covariates,2,Random (10-fold),54115,6013,0.4920791742341206,0.36307959275571583,0.7680692051222151,0.7642525671357223
diabetes,SVI + Covariates,3,Random (10-fold),54115,6013,0.47513338958284235,0.35150249736166417,0.7718590000044023,0.7638662583327629
diabetes,SVI + Covariates,4,Random (10-fold),54115,6013,0.4890387302257318,0.36466195623672326,0.764260963388983,0.764702699134892
diabetes,SVI + Covariates,5,Random (10-fold),54115,6013,0.48512720794603986,0.3588640598533547,0.7703108690354507,0.7640178160800823
diabetes,SVI + Covariates,6,Random (10-fold),54115,6013,0.4834157856538125,0.3589759589778251,0.7544426805114981,0.7657328934991512
diabetes,SVI + Covariates,7,Random (10-fold),54115,6013,0.49184662704836035,0.3605132210715951,0.7553290973520941,0.765678595432676
diabetes,SVI + Covariates,8,Random (10-fold),54116,6012,0.4822034873180073,0.3586022321976745,0.7661003694377271,0.764497742491901
diabetes,SVI + Covariates,9,Random (10-fold),54116,6012,0.48669362988899767,0.35971703532848603,0.7682072738649178,0.7642546225475972
diabetes,HRSN + SVI + Covariates,0,Random (10-fold),54115,6013,0.34545441446925546,0.26536853949719075,0.8807733251394652,0.8789985948223765
diabetes,HRSN + SVI + Covariates,1,Random (10-fold),54115,6013,0.3398475706914415,0.26080286085246096,0.8806907175720156,0.879009382933033
diabetes,HRSN + SVI + Covariates,2,Random (10-fold),54115,6013,0.3512962453886333,0.2660692395854451,0.8817951048129098,0.8788639355159468
diabetes,HRSN + SVI + Covariates,3,Random (10-fold),54115,6013,0.34216012561579223,0.26045927620407117,0.8816873908695891,0.8789001792968952
diabetes,HRSN + SVI + Covariates,4,Random (10-fold),54115,6013,0.34575018221669473,0.26471716994657785,0.8821662146475713,0.8788351599442447
diabetes,HRSN + SVI + Covariates,5,Random (10-fold),54115,6013,0.3533065326084895,0.2678736953782594,0.8781760953951472,0.8792890823283159
diabetes,HRSN + SVI + Covariates,6,Random (10-fold),54115,6013,0.34861748003252674,0.2629451021394617,0.8722945162088174,0.8798938571233162
diabetes,HRSN + SVI + Covariates,7,Random (10-fold),54115,6013,0.35087905923309676,0.2675428421133573,0.875480367831786,0.8795769462496706
diabetes,HRSN + SVI + Covariates,8,Random (10-fold),54116,6012,0.3498836781925203,0.26623069651741016,0.8768551627881865,0.8794297956907814
diabetes,HRSN + SVI + Covariates,9,Random (10-fold),54116,6012,0.35029928302499796,0.26153397188359556,0.8799210238794025,0.8790921899947444
diabetes,Covariates Only,0,Random (10-fold),54115,6013,0.5010309076261955,0.3701915740398008,0.7492037875958599,0.7488096128820119
diabetes,Covariates Only,1,Random (10-fold),54115,6013,0.49107582169914155,0.3644108955035813,0.7508832106308859,0.7486124451647194
diabetes,Covariates Only,2,Random (10-fold),54115,6013,0.5084861496139268,0.373828605014363,0.7523452273931887,0.7484231747255188
diabetes,Covariates Only,3,Random (10-fold),54115,6013,0.48876858849083754,0.3612941929810002,0.758576904834102,0.7477775087977144
diabetes,Covariates Only,4,Random (10-fold),54115,6013,0.5051091892617675,0.37571406396881973,0.7485130040721406,0.748880422669334
diabetes,Covariates Only,5,Random (10-fold),54115,6013,0.5021553784690884,0.367966637536931,0.7539035112888492,0.7482731246881908
diabetes,Covariates Only,6,Random (10-fold),54115,6013,0.5010831526646734,0.36984768260434064,0.7361659582958731,0.7501744741844929
diabetes,Covariates Only,7,Random (10-fold),54115,6013,0.5112496650795803,0.37343391220622274,0.7356441032379497,0.7502922746963044
diabetes,Covariates Only,8,Random (10-fold),54116,6012,0.498921561947323,0.36916336694310803,0.7496005395929144,0.7487580308171661
diabetes,Covariates Only,9,Random (10-fold),54116,6012,0.5041586967026063,0.37040867392518845,0.7512729576868535,0.7485654328175342
depression,HRSN + Covariates,0,Random (10-fold),54115,6013,0.611727977308245,0.48698370157088355,0.6326441665724023,0.6201667318837304
depression,HRSN + Covariates,1,Random (10-fold),54115,6013,0.6182673473781574,0.4881746963411415,0.6114298468826311,0.6225203875463811
depression,HRSN + Covariates,2,Random (10-fold),54115,6013,0.611145845908593,0.4861092493133643,0.6236039968124794,0.6211979790368709
depression,HRSN + Covariates,3,Random (10-fold),54115,6013,0.6256586933027594,0.4952401280739435,0.6049889033378153,0.6232493011134387
depression,HRSN + Covariates,4,Random (10-fold),54115,6013,0.6070656422564816,0.4809031845619149,0.6314535062086309,0.620322020831698
depression,HRSN + Covariates,5,Random (10-fold),54115,6013,0.6184661758387164,0.49401779638049387,0.6292455901599262,0.6205440127080941
depression,HRSN + Covariates,6,Random (10-fold),54115,6013,0.6186722226298402,0.49263229559599614,0.6180629662450211,0.6218144928500464
depression,HRSN + Covariates,7,Random (10-fold),54115,6013,0.6056164812656814,0.4836695469372649,0.6348551210509263,0.6199299652105812
depression,HRSN + Covariates,8,Random (10-fold),54116,6012,0.6145292470856802,0.48695493357283093,0.6125452560666712,0.6224022059239742
depression,HRSN + Covariates,9,Random (10-fold),54116,6012,0.6226718999364699,0.4958342048668139,0.6125101706156915,0.6224345447507607
depression,SVI + Covariates,0,Random (10-fold),54115,6013,0.7293697790164523,0.5854696729984534,0.4777652303589254,0.4678490209801105
depression,SVI + Covariates,1,Random (10-fold),54115,6013,0.7297046422347815,0.5833704357981961,0.45873364102343506,0.4699574407561886
depression,SVI + Covariates,2,Random (10-fold),54115,6013,0.7203258257874702,0.572433935302421,0.4771064960485203,0.4679554200091658
depression,SVI + Covariates,3,Random (10-fold),54115,6013,0.7322150211794611,0.5893277978394847,0.4589821458430653,0.46995707911431694
depression,SVI + Covariates,4,Random (10-fold),54115,6013,0.7251582811897953,0.5811094630137378,0.47412006866599643,0.46828854094483774
depression,SVI + Covariates,5,Random (10-fold),54115,6013,0.733538238963474,0.5909041969162288,0.47844521257886274,0.46776463996852946
depression,SVI + Covariates,6,Random (10-fold),54115,6013,0.7300708959779878,0.5838462343003873,0.468135984894113,0.46895189258116066
depression,SVI + Covariates,7,Random (10-fold),54115,6013,0.7324319274318541,0.5853021589959863,0.46592238230630856,0.46919117445522496
depression,SVI + Covariates,8,Random (10-fold),54116,6012,0.7270285054225081,0.5850328642481403,0.4577010707624799,0.47007368101141933
depression,SVI + Covariates,9,Random (10-fold),54116,6012,0.7292776057343353,0.581354137216296,0.46847030930222555,0.468915051555143
depression,HRSN + SVI + Covariates,0,Random (10-fold),54115,6013,0.5929360339572132,0.4704563195720823,0.6548674325784862,0.640272705579505
depression,HRSN + SVI + Covariates,1,Random (10-fold),54115,6013,0.6020177994443607,0.47475512919929497,0.6315865465810262,0.642866240470261
depression,HRSN + SVI + Covariates,2,Random (10-fold),54115,6013,0.5931139917288889,0.470498760004058,0.6454874505062809,0.6413554398189745
depression,HRSN + SVI + Covariates,3,Random (10-fold),54115,6013,0.6111239932404376,0.4842786648348845,0.6231287578906797,0.643814429913868
depression,HRSN + SVI + Covariates,4,Random (10-fold),54115,6013,0.5892174589252157,0.4663981431889716,0.6528060175822519,0.640537018387989
depression,HRSN + SVI + Covariates,5,Random (10-fold),54115,6013,0.6023676526078963,0.48043427194349797,0.6482956793349243,0.6410082538079216
depression,HRSN + SVI + Covariates,6,Random (10-fold),54115,6013,0.6013715180012554,0.4775239985695832,0.6391254570650022,0.642061095126994
depression,HRSN + SVI + Covariates,7,Random (10-fold),54115,6013,0.5887562252848839,0.4708716641028182,0.654903251407907,0.640284528192961
depression,HRSN + SVI + Covariates,8,Random (10-fold),54116,6012,0.6007918669596526,0.47618521340857906,0.6296742094570082,0.6430653403155804
depression,HRSN + SVI + Covariates,9,Random (10-fold),54116,6012,0.6051128759976286,0.47924280297211325,0.6340560581372725,0.6426259690698152
depression,Covariates Only,0,Random (10-fold),54115,6013,0.7753514121501333,0.6153646929087052,0.409843196303154,0.4073704849971974
depression,Covariates Only,1,Random (10-fold),54115,6013,0.7728325221430503,0.6073093153371367,0.39286174722086153,0.4092106635955136
depression,Covariates Only,2,Random (10-fold),54115,6013,0.7572474187731145,0.5964296430554027,0.4221290293940414,0.406016587109705
depression,Covariates Only,3,Random (10-fold),54115,6013,0.7652227608178486,0.6076020321818995,0.409105309227654,0.4074643815397925
depression,Covariates Only,4,Random (10-fold),54115,6013,0.7658030116376259,0.6039194944920715,0.4135174218695382,0.40696876702384877
depression,Covariates Only,5,Random (10-fold),54115,6013,0.7716814965697526,0.6128536334619513,0.4227943238259625,0.4058830096593403
depression,Covariates Only,6,Random (10-fold),54115,6013,0.7708718829276737,0.6109094155541651,0.40702696187424425,0.4076916209534607
depression,Covariates Only,7,Random (10-fold),54115,6013,0.7763392762517979,0.6106333882199348,0.3999700065781304,0.4084754683569273
depression,Covariates Only,8,Random (10-fold),54116,6012,0.766743633221613,0.607722635354919,0.3968348708546481,0.4087876649521318
depression,Covariates Only,9,Random (10-fold),54116,6012,0.7749944430270447,0.6092472205955857,0.399740626849701,0.40849757646845986
casthma,HRSN + Covariates,0,Random (10-fold),54115,6013,0.5208315564118091,0.40199616354911993,0.7224155964810575,0.7275673455984353
casthma,HRSN + Covariates,1,Random (10-fold),54115,6013,0.5196861741043282,0.3953742140221292,0.7267892410454886,0.727071576826076
casthma,HRSN + Covariates,2,Random (10-fold),54115,6013,0.5188552245642607,0.39744512654745406,0.7271102511146199,0.7270643779755759
casthma,HRSN + Covariates,3,Random (10-fold),54115,6013,0.5171628625346951,0.39890300953394786,0.7278195569263577,0.7269757389187763
casthma,HRSN + Covariates,4,Random (10-fold),54115,6013,0.5254081103357389,0.4043554654130549,0.732790755425441,0.726402814251478
casthma,HRSN + Covariates,5,Random (10-fold),54115,6013,0.5201837943504525,0.3986965388189225,0.7436746961475111,0.725100021879336
casthma,HRSN + Covariates,6,Random (10-fold),54115,6013,0.5287127179362521,0.4042380746482275,0.7030107492945339,0.7295457274228596
casthma,HRSN + Covariates,7,Random (10-fold),54115,6013,0.5203303264397977,0.40256342602317063,0.7241339283155681,0.7273887056177184
casthma,HRSN + Covariates,8,Random (10-fold),54116,6012,0.5327404923188216,0.40721340088260155,0.7272165206007868,0.7270419614371565
casthma,HRSN + Covariates,9,Random (10-fold),54116,6012,0.5223276932489118,0.40268782896453126,0.730273998136967,0.7267012844809345
casthma,SVI + Covariates,0,Random (10-fold),54115,6013,0.6566402502510645,0.5019616732249832,0.5587797033128236,0.5754709870377952
casthma,SVI + Covariates,1,Random (10-fold),54115,6013,0.6446282359813367,0.49137475684691917,0.579627670801222,0.5731863503967235
casthma,SVI + Covariates,2,Random (10-fold),54115,6013,0.6489378552020714,0.4978320397733123,0.5731246751982193,0.573914813208905
casthma,SVI + Covariates,3,Random (10-fold),54115,6013,0.638898280497422,0.49179164145946136,0.584600763454734,0.5726638705184415
casthma,SVI + Covariates,4,Random (10-fold),54115,6013,0.6564773743949405,0.4967292860047323,0.5828449938585949,0.5728035830280817
casthma,SVI + Covariates,5,Random (10-fold),54115,6013,0.6482318380979856,0.4940983108457266,0.6019491460798505,0.5705008139117171
casthma,SVI + Covariates,6,Random (10-fold),54115,6013,0.6549342700016723,0.49607643516210187,0.5442815119858609,0.57688989931784
casthma,SVI + Covariates,7,Random (10-fold),54115,6013,0.6534260456629634,0.4978230521487356,0.5649562874926136,0.5748095662609043
casthma,SVI + Covariates,8,Random (10-fold),54116,6012,0.6704205222443361,0.5066608804006336,0.5680024844305473,0.5745162395310887
casthma,SVI + Covariates,9,Random (10-fold),54116,6012,0.656665361888058,0.4965456555565714,0.5736905817803017,0.5738533286438716
casthma,HRSN + SVI + Covariates,0,Random (10-fold),54115,6013,0.5146881538159894,0.3967944197342545,0.7289253992152406,0.7321173414766414
casthma,HRSN + SVI + Covariates,1,Random (10-fold),54115,6013,0.5168031025902393,0.39203659025960447,0.7298122240145143,0.7320040580262952
casthma,HRSN + SVI + Covariates,2,Random (10-fold),54115,6013,0.5137008062444153,0.39250059064465287,0.7325052097955096,0.7317381580656364
casthma,HRSN + SVI + Covariates,3,Random (10-fold),54115,6013,0.5119391718185375,0.39343143754932325,0.7332901970637249,0.7316416340369655
casthma,HRSN + SVI + Covariates,4,Random (10-fold),54115,6013,0.5203742006542302,0.39915221695001635,0.7378864647356137,0.7311073624869526
casthma,HRSN + SVI + Covariates,5,Random (10-fold),54115,6013,0.5160245555992325,0.3944927492521612,0.7477573144932806,0.7299226380855643
casthma,HRSN + SVI + Covariates,6,Random (10-fold),54115,6013,0.5241051137550503,0.39939934549358014,0.708164573629807,0.7342503307763135
casthma,HRSN + SVI + Covariates,7,Random (10-fold),54115,6013,0.516481439509236,0.39884155890410483,0.7282000004899207,0.7322075584064556
casthma,HRSN + SVI + Covariates,8,Random (10-fold),54116,6012,0.530119322349922,0.40429548983472824,0.7298941953302207,0.7320182043800598
casthma,HRSN + SVI + Covariates,9,Random (10-fold),54116,6012,0.5167261579705689,0.3971949886124999,0.736028156925291,0.7313321610128014
casthma,Covariates Only,0,Random (10-fold),54115,6013,0.6802913967727389,0.5198038561546497,0.5264231775154686,0.5520274955923965
casthma,Covariates Only,1,Random (10-fold),54115,6013,0.6622580012057127,0.5053201373922829,0.5563199511729617,0.5487556055195302
casthma,Covariates Only,2,Random (10-fold),54115,6013,0.6670901769681742,0.5114723968044196,0.548909246910193,0.5495808918909717
casthma,Covariates Only,3,Random (10-fold),54115,6013,0.6578467124660983,0.5051613749864073,0.5595955761522879,0.5484191875161708
casthma,Covariates Only,4,Random (10-fold),54115,6013,0.675854522811582,0.5133565504518132,0.5578553408631346,0.5485590483418661
casthma,Covariates Only,5,Random (10-fold),54115,6013,0.6629109974281975,0.5071272351499407,0.5837173676145364,0.5454619141198935
casthma,Covariates Only,6,Random (10-fold),54115,6013,0.6708848384754525,0.5127319384638622,0.5218136547353369,0.5523840563866362
casthma,Covariates Only,7,Random (10-fold),54115,6013,0.6750115180137689,0.5144811065644661,0.5357388100470377,0.5510225061342351
casthma,Covariates Only,8,Random (10-fold),54116,6012,0.6830034171321097,0.5183625645612093,0.5516342788181618,0.5492793933101889
casthma,Covariates Only,9,Random (10-fold),54116,6012,0.6771380339149942,0.5142330298781543,0.5466943555928657,0.549832734015164
obesity,HRSN + Covariates,0,Random (10-fold),54115,6013,0.43528135087173425,0.34317495149253824,0.8077629288610849,0.8087551172177981
obesity,HRSN + Covariates,1,Random (10-fold),54115,6013,0.43473837072751004,0.34734780251281505,0.8059172431433782,0.8089374182293207
obesity,HRSN + Covariates,2,Random (10-fold),54115,6013,0.43346559481020164,0.34318730999990477,0.8126228547503263,0.8082144360166514
obesity,HRSN + Covariates,3,Random (10-fold),54115,6013,0.43770003375430944,0.34832812744490294,0.8093946157871852,0.8085759233206087
obesity,HRSN + Covariates,4,Random (10-fold),54115,6013,0.44044374771906747,0.3483160996407411,0.8074704669147831,0.8087920727032083
obesity,HRSN + Covariates,5,Random (10-fold),54115,6013,0.4346141048098299,0.3458524593622458,0.8161550916439191,0.8078021464830578
obesity,HRSN + Covariates,6,Random (10-fold),54115,6013,0.4393122690715824,0.34898755140488247,0.8032524218211687,0.8092514388326896
obesity,HRSN + Covariates,7,Random (10-fold),54115,6013,0.44268207850766006,0.34897242590465255,0.8044519061600038,0.8091207406744148
obesity,HRSN + Covariates,8,Random (10-fold),54116,6012,0.4345542165110818,0.3463049196737402,0.811181717630089,0.808375930022708
obesity,HRSN + Covariates,9,Random (10-fold),54116,6012,0.4425744730954673,0.35108453827240804,0.8065585402881588,0.8088965401855105
obesity,SVI + Covariates,0,Random (10-fold),54115,6013,0.5281225502178477,0.41377905838423373,0.7170130273523558,0.7237592390486045
obesity,SVI + Covariates,1,Random (10-fold),54115,6013,0.5236333334175188,0.4139336984271559,0.7184305219654583,0.7235771546132393
obesity,SVI + Covariates,2,Random (10-fold),54115,6013,0.5245049037197139,0.4132498707058444,0.7256490556752536,0.722806565987864
obesity,SVI + Covariates,3,Random (10-fold),54115,6013,0.5222687631000695,0.4099378071708067,0.7286248308814098,0.7224834031267812
obesity,SVI + Covariates,4,Random (10-fold),54115,6013,0.5359979248778205,0.4198483103914865,0.7148701566469017,0.7240210074804052
obesity,SVI + Covariates,5,Random (10-fold),54115,6013,0.514661058626003,0.40357041741828453,0.7421978166475938,0.7209152009595885
obesity,SVI + Covariates,6,Random (10-fold),54115,6013,0.5281191620589941,0.4159917556146429,0.7156674489700721,0.7239082477988033
obesity,SVI + Covariates,7,Random (10-fold),54115,6013,0.5334078959820706,0.42052258879440324,0.7160848375858417,0.7238795231389529
obesity,SVI + Covariates,8,Random (10-fold),54116,6012,0.5239207988006269,0.4136024313177894,0.7255347380292922,0.722827095178463
obesity,SVI + Covariates,9,Random (10-fold),54116,6012,0.5281924516379172,0.41381481970386075,0.724474867675555,0.7229450585661252
obesity,HRSN + SVI + Covariates,0,Random (10-fold),54115,6013,0.4285074769390325,0.33692650885394787,0.8136995825051759,0.8144753069006272
obesity,HRSN + SVI + Covariates,1,Random (10-fold),54115,6013,0.42944003446041806,0.3416700053543914,0.810619149043267,0.8147894632247867
obesity,HRSN + SVI + Covariates,2,Random (10-fold),54115,6013,0.42898029201249416,0.3387415341199587,0.816480577179166,0.8141618268045584
obesity,HRSN + SVI + Covariates,3,Random (10-fold),54115,6013,0.43131643430215655,0.34197966882533326,0.8149138095289064,0.8143424129534963
obesity,HRSN + SVI + Covariates,4,Random (10-fold),54115,6013,0.43406520785942126,0.34197152694217886,0.8130065422825488,0.8145550415530001
obesity,HRSN + SVI + Covariates,5,Random (10-fold),54115,6013,0.42677450941257833,0.3379202536719172,0.8227276847868896,0.8134487029479804
obesity,HRSN + SVI + Covariates,6,Random (10-fold),54115,6013,0.4322028414294771,0.34190645734591135,0.8095688605875803,0.8149307016311031
obesity,HRSN + SVI + Covariates,7,Random (10-fold),54115,6013,0.43538471226228637,0.34176511251084013,0.8108457702664258,0.8147887125670169
obesity,HRSN + SVI + Covariates,8,Random (10-fold),54116,6012,0.42848856930931456,0.33900103337457904,0.8164161016260452,0.814173950894438
obesity,HRSN + SVI + Covariates,9,Random (10-fold),54116,6012,0.43446571039346654,0.34268954133444635,0.8135819971925458,0.8144918637634873
obesity,Covariates Only,0,Random (10-fold),54115,6013,0.5784232866597425,0.447127889051263,0.6605400387306921,0.6710399700595256
obesity,Covariates Only,1,Random (10-fold),54115,6013,0.5734089234015987,0.4460447097346552,0.662355328779806,0.6708108717880059
obesity,Covariates Only,2,Random (10-fold),54115,6013,0.5650955789663359,0.43962517722553734,0.6815427262647678,0.668720635215597
obesity,Covariates Only,3,Random (10-fold),54115,6013,0.5697232732825149,0.4418788481317791,0.6770688599179433,0.6692219936577768
obesity,Covariates Only,4,Random (10-fold),54115,6013,0.584371682799418,0.4526017262243587,0.6610818830900758,0.6710107581441603
obesity,Covariates Only,5,Random (10-fold),54115,6013,0.5635326307770673,0.4374816950059378,0.6909120243907618,0.6676172307358648
obesity,Covariates Only,6,Random (10-fold),54115,6013,0.5749735289869852,0.45082698594622267,0.6629778598649685,0.6707773686776239
obesity,Covariates Only,7,Random (10-fold),54115,6013,0.5848653263326354,0.45501441418610283,0.6586645019700936,0.6712741265085905
obesity,Covariates Only,8,Random (10-fold),54116,6012,0.5708976071891276,0.4440574511476481,0.6741088613968107,0.6695512561090025
obesity,Covariates Only,9,Random (10-fold),54116,6012,0.5792006466124593,0.44988712329240427,0.6686897174855404,0.670158657060888
chd,HRSN + Covariates,0,Random (10-fold),54115,6013,0.38247447070582846,0.2864307335757094,0.8520357646081109,0.8519611260621158
chd,HRSN + Covariates,1,Random (10-fold),54115,6013,0.3815232839531522,0.2871219363631266,0.8551619514296447,0.85160648950823
chd,HRSN + Covariates,2,Random (10-fold),54115,6013,0.3876292820227641,0.2905381556758516,0.8532335739434662,0.8518132827264434
chd,HRSN + Covariates,3,Random (10-fold),54115,6013,0.37546375939158994,0.2843612005635529,0.853958045695457,0.8517504368927103
chd,HRSN + Covariates,4,Random (10-fold),54115,6013,0.37686503995670845,0.28329597234693027,0.8581159943003778,0.85128381789065
chd,HRSN + Covariates,5,Random (10-fold),54115,6013,0.38050180448198595,0.2842738718348834,0.8528517550318149,0.8518633994499667
chd,HRSN + Covariates,6,Random (10-fold),54115,6013,0.3875386088012392,0.2909353808425355,0.8453824207162628,0.8526743843659512
chd,HRSN + Covariates,7,Random (10-fold),54115,6013,0.3858139596407941,0.29082329089062076,0.8504978909256358,0.8521215485265393
chd,HRSN + Covariates,8,Random (10-fold),54116,6012,0.38801924279371175,0.2901686231358128,0.849808676203111,0.8521935672084875
chd,HRSN + Covariates,9,Random (10-fold),54116,6012,0.4024643242623131,0.2899327929210433,0.8472607522627389,0.8525139282995409
chd,SVI + Covariates,0,Random (10-fold),54115,6013,0.48098808659985814,0.358688604208156,0.7659975044927435,0.7647644088524865
chd,SVI + Covariates,1,Random (10-fold),54115,6013,0.4808188061805131,0.3565465899495502,0.769959945810416,0.7643112015791884
chd,SVI + Covariates,2,Random (10-fold),54115,6013,0.48747357224059973,0.3612923110714693,0.7678890029781931,0.7645255120370129
chd,SVI + Covariates,3,Random (10-fold),54115,6013,0.47338617224195456,0.3541352477280912,0.7678478429949247,0.7645603260344307
chd,SVI + Covariates,4,Random (10-fold),54115,6013,0.4840192897259566,0.3596124327858217,0.7659616231223955,0.7647655307828893
chd,SVI + Covariates,5,Random (10-fold),54115,6013,0.4758514759556147,0.35224161281059346,0.7698640390382707,0.7643429320809627
chd,SVI + Covariates,6,Random (10-fold),54115,6013,0.4873672554533594,0.36092610567439126,0.7554646711682672,0.7658969113989466
chd,SVI + Covariates,7,Random (10-fold),54115,6013,0.4909640238514004,0.36097470443982277,0.7579022328062743,0.7656533516854065
chd,SVI + Covariates,8,Random (10-fold),54116,6012,0.48570542666521593,0.35759502292488865,0.7646662425052287,0.7648919099337325
chd,SVI + Covariates,9,Random (10-fold),54116,6012,0.5029770017168027,0.36364350333312,0.7614430220968934,0.7652804446830987
chd,HRSN + SVI + Covariates,0,Random (10-fold),54115,6013,0.37076562353004083,0.2792413950837209,0.8609564745058955,0.859642983708488
chd,HRSN + SVI + Covariates,1,Random (10-fold),54115,6013,0.37045949563745295,0.2809696021554335,0.8634404641943254,0.8593584178770864
chd,HRSN + SVI + Covariates,2,Random (10-fold),54115,6013,0.3763971168626435,0.28350212246355605,0.8616159166109487,0.8595526330698053
chd,HRSN + SVI + Covariates,3,Random (10-fold),54115,6013,0.3653249338211793,0.2778931436374637,0.8617388337213302,0.8595584102552138
chd,HRSN + SVI + Covariates,4,Random (10-fold),54115,6013,0.3662336155611749,0.27652645524013136,0.8660082231163969,0.8590797222767003
chd,HRSN + SVI + Covariates,5,Random (10-fold),54115,6013,0.3710134958357426,0.2783187669236276,0.8600989221413735,0.8597311710200934
chd,HRSN + SVI + Covariates,6,Random (10-fold),54115,6013,0.3779501458555615,0.28384837914678773,0.8529388518240305,0.8605015874023846
chd,HRSN + SVI + Covariates,7,Random (10-fold),54115,6013,0.3769710134645512,0.2851049413970004,0.8572725985193665,0.8600421255368919
chd,HRSN + SVI + Covariates,8,Random (10-fold),54116,6012,0.3764829706302685,0.28217614994222356,0.8586066478504804,0.8598891483286081
chd,HRSN + SVI + Covariates,9,Random (10-fold),54116,6012,0.3940628458713908,0.2842465417157624,0.8535710838153745,0.8604964334533866
chd,Covariates Only,0,Random (10-fold),54115,6013,0.49669834118806866,0.37027305845586067,0.7504616673876963,0.7491546124470553
chd,Covariates Only,1,Random (10-fold),54115,6013,0.49347446317902516,0.3645050969913473,0.7576907819202245,0.7483369439173557
chd,Covariates Only,2,Random (10-fold),54115,6013,0.5064994215015839,0.3759860083156624,0.7494170760670321,0.7492498947321553
chd,Covariates Only,3,Random (10-fold),54115,6013,0.4895858166590291,0.3670648359571081,0.7516871223260929,0.7490164280572
chd,Covariates Only,4,Random (10-fold),54115,6013,0.5004090084201237,0.37129888183160287,0.7498433939494428,0.7492188542395289
chd,Covariates Only,5,Random (10-fold),54115,6013,0.49097815981772075,0.36262820736869544,0.7550000515892071,0.7486602969450986
chd,Covariates Only,6,Random (10-fold),54115,6013,0.5030637994866974,0.37096908360549924,0.7394596147376895,0.7503372411286222
chd,Covariates Only,7,Random (10-fold),54115,6013,0.5066834501709132,0.3727859614634177,0.7421513375155737,0.7500666695698901
chd,Covariates Only,8,Random (10-fold),54116,6012,0.5029618922530559,0.3708527996223572,0.7476469953268909,0.7494443008506764
chd,Covariates Only,9,Random (10-fold),54116,6012,0.5170219614629917,0.37567740533372795,0.7479342430549569,0.749428394103564
copd,HRSN + Covariates,0,Random (10-fold),54115,6013,0.3297897661052822,0.24530600051913182,0.8904385640176776,0.8944802950052928
copd,HRSN + Covariates,1,Random (10-fold),54115,6013,0.3214683223126884,0.23810873531843188,0.8960250562642788,0.8938568629874647
copd,HRSN + Covariates,2,Random (10-fold),54115,6013,0.3294524675500513,0.24437958956418734,0.8940613338783447,0.894075197860951
copd,HRSN + Covariates,3,Random (10-fold),54115,6013,0.3188432677807677,0.23602081326879565,0.8971680067364481,0.8937348586249525
copd,HRSN + Covariates,4,Random (10-fold),54115,6013,0.32075979613167876,0.23667388355406555,0.8981849812697482,0.8936153777836893
copd,HRSN + Covariates,5,Random (10-fold),54115,6013,0.3186978486826455,0.23693400913936458,0.8985888868243879,0.8935708337164314
copd,HRSN + Covariates,6,Random (10-fold),54115,6013,0.3290132176275166,0.24247862991968336,0.8863150942490794,0.8948942865778213
copd,HRSN + Covariates,7,Random (10-fold),54115,6013,0.3284894891314958,0.2436646308437819,0.8914892824705586,0.8943553681316978
copd,HRSN + Covariates,8,Random (10-fold),54116,6012,0.329144836594077,0.24354290566840894,0.8939638207219316,0.8940788312627401
copd,HRSN + Covariates,9,Random (10-fold),54116,6012,0.3297581373335393,0.2412074420921107,0.8931106059082998,0.8941826731665204
copd,SVI + Covariates,0,Random (10-fold),54115,6013,0.45820792276232153,0.3381573166542572,0.7885008848258246,0.7879312643749067
copd,SVI + Covariates,1,Random (10-fold),54115,6013,0.4589419912485066,0.33398361644250724,0.7880819652505996,0.7879627593108866
copd,SVI + Covariates,2,Random (10-fold),54115,6013,0.45976397040214745,0.33778645619745745,0.7936811824053619,0.7873239031444019
copd,SVI + Covariates,3,Random (10-fold),54115,6013,0.45204044575867763,0.3312765720703258,0.7933057762180392,0.7873943991290123
copd,SVI + Covariates,4,Random (10-fold),54115,6013,0.4653961154290523,0.339036036180566,0.7856628281640754,0.7882469700920525
copd,SVI + Covariates,5,Random (10-fold),54115,6013,0.44979553183439286,0.33146053639800027,0.7979971205644751,0.7868726243768558
copd,SVI + Covariates,6,Random (10-fold),54115,6013,0.46241318096113715,0.3383283823446663,0.7754378667627377,0.7893005021592784
copd,SVI + Covariates,7,Random (10-fold),54115,6013,0.4704672206919778,0.3412099618350513,0.7774188308003126,0.7891503421702486
copd,SVI + Covariates,8,Random (10-fold),54116,6012,0.46442764223404004,0.3369478284873867,0.7888864548389993,0.7878677723534118
copd,SVI + Covariates,9,Random (10-fold),54116,6012,0.4639545374531035,0.3351777689953941,0.7884103473650959,0.7879334116446199
copd,HRSN + SVI + Covariates,0,Random (10-fold),54115,6013,0.3112752765320399,0.23203634356115124,0.9023948750771144,0.9052806822952296
copd,HRSN + SVI + Covariates,1,Random (10-fold),54115,6013,0.30373742234005746,0.22715347574276556,0.907178425148498,0.9047461199530764
copd,HRSN + SVI + Covariates,2,Random (10-fold),54115,6013,0.31075794247259364,0.23153083947911426,0.9057430363115073,0.904903276047099
copd,HRSN + SVI + Covariates,3,Random (10-fold),54115,6013,0.30137792695825943,0.22512988927011818,0.9081251520002569,0.9046470250316856
copd,HRSN + SVI + Covariates,4,Random (10-fold),54115,6013,0.3034830883954112,0.22590189861525023,0.9088574913868477,0.9045590496112359
copd,HRSN + SVI + Covariates,5,Random (10-fold),54115,6013,0.302103450966887,0.2256032336704923,0.9088747655196623,0.9045586604708283
copd,HRSN + SVI + Covariates,6,Random (10-fold),54115,6013,0.31245476801294775,0.2322493571105192,0.8974701250188437,0.9057840860124053
copd,HRSN + SVI + Covariates,7,Random (10-fold),54115,6013,0.3125086458960034,0.23385785087015976,0.9017904425712511,0.9053409832363033
copd,HRSN + SVI + Covariates,8,Random (10-fold),54116,6012,0.31144986867255453,0.23095708846406934,0.9050584578419929,0.9049755411416579
copd,HRSN + SVI + Covariates,9,Random (10-fold),54116,6012,0.31416179861976806,0.23088162362838366,0.9029824457821299,0.905217676869807
copd,Covariates Only,0,Random (10-fold),54115,6013,0.47817485127204784,0.35311942921472855,0.769666647217617,0.7684853509981516
copd,Covariates Only,1,Random (10-fold),54115,6013,0.4757967570604292,0.346216330545337,0.7722306502907209,0.7681888797794377
copd,Covariates Only,2,Random (10-fold),54115,6013,0.48412174772517874,0.35581410669862484,0.7712410176208331,0.7682872478482989
copd,Covariates Only,3,Random (10-fold),54115,6013,0.47250278232429443,0.3462298435110972,0.7741695543899502,0.7679820206330068
copd,Covariates Only,4,Random (10-fold),54115,6013,0.4852083141316501,0.35366427817358653,0.7670254637670599,0.7687775485944808
copd,Covariates Only,5,Random (10-fold),54115,6013,0.46875076207870314,0.34570885685568764,0.7806128128964827,0.7672659542012245
copd,Covariates Only,6,Random (10-fold),54115,6013,0.4847813497115824,0.3518919615899808,0.7531870617819649,0.770217153350842
copd,Covariates Only,7,Random (10-fold),54115,6013,0.4921624143861291,0.35646434781973146,0.7564172280634438,0.7699428109835189
copd,Covariates Only,8,Random (10-fold),54116,6012,0.48593614425922577,0.3527774620627325,0.768879544699297,0.7685502161175438
copd,Covariates Only,9,Random (10-fold),54116,6012,0.48330472012015246,0.3489519113679681,0.770392724173134,0.7683918912737326
stroke,HRSN + Covariates,0,Random (10-fold),54115,6013,0.33102106758162425,0.24121906170861968,0.8886793213025816,0.8865030535433247
stroke,HRSN + Covariates,1,Random (10-fold),54115,6013,0.33176790587924326,0.24290639798679578,0.8880681158260364,0.8865629180629214
stroke,HRSN + Covariates,2,Random (10-fold),54115,6013,0.33972565586581466,0.246693779355356,0.8886666305162715,0.8864808605977494
stroke,HRSN + Covariates,3,Random (10-fold),54115,6013,0.3278496871222086,0.23936224421630775,0.8905451740107164,0.8862982331005178
stroke,HRSN + Covariates,4,Random (10-fold),54115,6013,0.3308465213697543,0.24138143210650578,0.8928958832806375,0.8860100846991594
stroke,HRSN + Covariates,5,Random (10-fold),54115,6013,0.338870591513207,0.24359511210726043,0.8871983361107646,0.8866571167621493
stroke,HRSN + Covariates,6,Random (10-fold),54115,6013,0.3387729091393594,0.24709383170763458,0.8784404054750896,0.8875736513014102
stroke,HRSN + Covariates,7,Random (10-fold),54115,6013,0.3377189971232544,0.2445548844275824,0.8834507134138275,0.8870669548879764
stroke,HRSN + Covariates,8,Random (10-fold),54116,6012,0.34539517066050757,0.24913007530509096,0.8819716872890533,0.8872437198594071
stroke,HRSN + Covariates,9,Random (10-fold),54116,6012,0.34492037586892277,0.2436800719996385,0.8854030708374993,0.8868622496644112
stroke,SVI + Covariates,0,Random (10-fold),54115,6013,0.44752636484453323,0.31977357905398013,0.7965293244818488,0.7929819915533886
stroke,SVI + Covariates,1,Random (10-fold),54115,6013,0.4495827802317792,0.3190223723846772,0.7944561870281114,0.7931963731783378
stroke,SVI + Covariates,2,Random (10-fold),54115,6013,0.45563841066930183,0.32299549179532255,0.7997330340827835,0.792572479516725
stroke,SVI + Covariates,3,Random (10-fold),54115,6013,0.44350288173151986,0.3150833067354801,0.7997012403478181,0.7926269146322329
stroke,SVI + Covariates,4,Random (10-fold),54115,6013,0.4590236070956733,0.3254980309321177,0.7938311438491138,0.7932668457918497
stroke,SVI + Covariates,5,Random (10-fold),54115,6013,0.45406445043940064,0.3185548444285416,0.7974730850160444,0.7928611059974034
stroke,SVI + Covariates,6,Random (10-fold),54115,6013,0.44844079875798215,0.32078453792833533,0.7869987605570192,0.7939823533646878
stroke,SVI + Covariates,7,Random (10-fold),54115,6013,0.46057268977532617,0.3237236149021271,0.7832320839963149,0.7944201510341937
stroke,SVI + Covariates,8,Random (10-fold),54116,6012,0.46279892899800806,0.32382838991639284,0.7880963842273443,0.7939083405163885
stroke,SVI + Covariates,9,Random (10-fold),54116,6012,0.4659420820246612,0.32344234219334056,0.7908782759897496,0.793603707218467
stroke,HRSN + SVI + Covariates,0,Random (10-fold),54115,6013,0.3242179182744881,0.23696919938054017,0.893208029177795,0.8907158260590095
stroke,HRSN + SVI + Covariates,1,Random (10-fold),54115,6013,0.3252367768768387,0.2395862054028263,0.8924316843295471,0.8907957879726861
stroke,HRSN + SVI + Covariates,2,Random (10-fold),54115,6013,0.3325120698550629,0.24170580393788774,0.8933444424479682,0.8906765611363536
stroke,HRSN + SVI + Covariates,3,Random (10-fold),54115,6013,0.3229733694880634,0.2360064672273501,0.8937769428190219,0.8906515682461976
stroke,HRSN + SVI + Covariates,4,Random (10-fold),54115,6013,0.32454664056714494,0.2363011906376134,0.8969359380886899,0.8902776362454977
stroke,HRSN + SVI + Covariates,5,Random (10-fold),54115,6013,0.33259494436123177,0.239644258378575,0.8913376655134517,0.8909147732953456
stroke,HRSN + SVI + Covariates,6,Random (10-fold),54115,6013,0.3320008406986588,0.24247838760869767,0.8832517814223264,0.8917546970153571
stroke,HRSN + SVI + Covariates,7,Random (10-fold),54115,6013,0.3313041686216306,0.2406782502607023,0.8878362712596638,0.891296756236874
stroke,HRSN + SVI + Covariates,8,Random (10-fold),54116,6012,0.3378801870620613,0.24364742309628762,0.8870518482414674,0.891394550276099
stroke,HRSN + SVI + Covariates,9,Random (10-fold),54116,6012,0.34022934605761396,0.24071002837109318,0.8884989853311661,0.8912402894413517
stroke,Covariates Only,0,Random (10-fold),54115,6013,0.45719277126503083,0.32522406756692557,0.7876446114963966,0.782356697986762
stroke,Covariates Only,1,Random (10-fold),54115,6013,0.4578507416458023,0.3227835431854464,0.7868266474339423,0.7824324034971074
stroke,Covariates Only,2,Random (10-fold),54115,6013,0.4699451572109277,0.3310143626667374,0.7869590849994927,0.7823847625188807
stroke,Covariates Only,3,Random (10-fold),54115,6013,0.45271576360016386,0.32183333014580734,0.7912931988746231,0.7819534759901895
stroke,Covariates Only,4,Random (10-fold),54115,6013,0.47013458690886856,0.33163439795569827,0.7837294305532977,0.7827720435621948
stroke,Covariates Only,5,Random (10-fold),54115,6013,0.465802279101585,0.32529998545946975,0.7868668701419909,0.7824241853349206
stroke,Covariates Only,6,Random (10-fold),54115,6013,0.4611054577703914,0.32725900649763634,0.7747979077543294,0.7837092826684908
stroke,Covariates Only,7,Random (10-fold),54115,6013,0.47372697771479944,0.3312188068621763,0.7706731674095978,0.7841946206543493
stroke,Covariates Only,8,Random (10-fold),54116,6012,0.47531184767881446,0.3314278549522567,0.776482795989724,0.7835835635714712
stroke,Covariates Only,9,Random (10-fold),54116,6012,0.47633654293897737,0.3300783243538616,0.7814438259562079,0.7830306109592986
diabetes,HRSN + Covariates,0,County-Blocked (10-fold),54115,6013,0.38558819090806074,0.3104611432164046,0.8278844773466847,0.8781088530498452
diabetes,HRSN + Covariates,1,County-Blocked (10-fold),54115,6013,0.35365705668149644,0.27154842991563855,0.877626891009637,0.8750337002267461
diabetes,HRSN + Covariates,2,County-Blocked (10-fold),54115,6013,0.3607682924260016,0.27466436373598757,0.8678439737753512,0.8760971892045131
diabetes,HRSN + Covariates,3,County-Blocked (10-fold),54115,6013,0.4006349816602264,0.3053119061095075,0.8640267315041964,0.8767574797927034
diabetes,HRSN + Covariates,4,County-Blocked (10-fold),54115,6013,0.35098513964275935,0.2646732811071919,0.8545685157599707,0.8769964511543871
diabetes,HRSN + Covariates,5,County-Blocked (10-fold),54115,6013,0.3513294118031402,0.2627600005512331,0.8754005108793059,0.8753952774603168
diabetes,HRSN + Covariates,6,County-Blocked (10-fold),54115,6013,0.3248553737001827,0.25256164438598566,0.8874885355674469,0.8743467461586261
diabetes,HRSN + Covariates,7,County-Blocked (10-fold),54115,6013,0.38334330475596695,0.29261419412690637,0.8592628524701568,0.8771979287938634
diabetes,HRSN + Covariates,8,County-Blocked (10-fold),54116,6012,0.3487097587875519,0.2673473299416365,0.8933996076705925,0.8731344316560976
diabetes,HRSN + Covariates,9,County-Blocked (10-fold),54116,6012,0.36016276309075995,0.26685106589244817,0.8579677072916894,0.8771597729327585
diabetes,SVI + Covariates,0,County-Blocked (10-fold),54115,6013,0.4677974433662104,0.344409305115061,0.7466690343497964,0.7660181601323155
diabetes,SVI + Covariates,1,County-Blocked (10-fold),54115,6013,0.45668782144415115,0.3343650735202151,0.7959389118581859,0.7610647285692019
diabetes,SVI + Covariates,2,County-Blocked (10-fold),54115,6013,0.4928920965854172,0.36777983848412177,0.7533199893031193,0.7655869031161109
diabetes,SVI + Covariates,3,County-Blocked (10-fold),54115,6013,0.5179069719115963,0.37884958286231657,0.7727733229557618,0.7633650383834788
diabetes,SVI + Covariates,4,County-Blocked (10-fold),54115,6013,0.4885247735695391,0.3661873045240542,0.7182563334303209,0.7680041745565533
diabetes,SVI + Covariates,5,County-Blocked (10-fold),54115,6013,0.5031047722670285,0.37679416639304686,0.7444922260756698,0.7661767869668753
diabetes,SVI + Covariates,6,County-Blocked (10-fold),54115,6013,0.4841743510759857,0.3563736384562095,0.7500689432981875,0.7660942756889522
diabetes,SVI + Covariates,7,County-Blocked (10-fold),54115,6013,0.48737436518242594,0.3690512752186285,0.7725120775805042,0.7635733848854216
diabetes,SVI + Covariates,8,County-Blocked (10-fold),54116,6012,0.48074394761798506,0.356901551683631,0.7973912249640946,0.7603665894792119
diabetes,SVI + Covariates,9,County-Blocked (10-fold),54116,6012,0.49131509343781826,0.3626508397143861,0.7356923759200122,0.7671119327436994
diabetes,HRSN + SVI + Covariates,0,County-Blocked (10-fold),54115,6013,0.4028588354135748,0.322693039853934,0.81212094090502,0.8828242641136302
diabetes,HRSN + SVI + Covariates,1,County-Blocked (10-fold),54115,6013,0.34851348532364457,0.26758211427257833,0.8811605831647136,0.8785092556870732
diabetes,HRSN + SVI + Covariates,2,County-Blocked (10-fold),54115,6013,0.35247538928842126,0.2679512350897748,0.8738498278480668,0.8793316978914332
diabetes,HRSN + SVI + Covariates,3,County-Blocked (10-fold),54115,6013,0.39265500434020134,0.29851270962229626,0.8693895047207675,0.8800143454137038
diabetes,HRSN + SVI + Covariates,4,County-Blocked (10-fold),54115,6013,0.3481794765556516,0.26334351385883925,0.8568842885002492,0.8805943435569089
diabetes,HRSN + SVI + Covariates,5,County-Blocked (10-fold),54115,6013,0.34942605735343607,0.26155154890587917,0.8767469087376456,0.8790970036943584
diabetes,HRSN + SVI + Covariates,6,County-Blocked (10-fold),54115,6013,0.31540912892791495,0.24433745799212758,0.8939366878646029,0.877535289981825
diabetes,HRSN + SVI + Covariates,7,County-Blocked (10-fold),54115,6013,0.37642507647645207,0.28749747911302354,0.8642968046253261,0.8805050459370375
diabetes,HRSN + SVI + Covariates,8,County-Blocked (10-fold),54116,6012,0.3428761021050894,0.2619881187821208,0.8969364652542567,0.8766388728202682
diabetes,HRSN + SVI + Covariates,9,County-Blocked (10-fold),54116,6012,0.35225564160465644,0.2602305592701826,0.8641356881967348,0.8803680695303244
diabetes,Covariates Only,0,County-Blocked (10-fold),54115,6013,0.47241949459857363,0.3467600598697241,0.741638253298767,0.7493409115324896
diabetes,Covariates Only,1,County-Blocked (10-fold),54115,6013,0.47181033219670604,0.34438478957207846,0.7822008241770637,0.7450191954416363
diabetes,Covariates Only,2,County-Blocked (10-fold),54115,6013,0.5112327888225043,0.3794773803139062,0.7346203295904841,0.7500443215455839
diabetes,Covariates Only,3,County-Blocked (10-fold),54115,6013,0.5347846600072775,0.3892349043656701,0.7577221644288398,0.7474870399600804
diabetes,Covariates Only,4,County-Blocked (10-fold),54115,6013,0.4985153152706892,0.37099284152619094,0.7066149442884383,0.7517952127794847
diabetes,Covariates Only,5,County-Blocked (10-fold),54115,6013,0.52774962881754,0.3919127159455745,0.7188467439246735,0.7515680907849873
diabetes,Covariates Only,6,County-Blocked (10-fold),54115,6013,0.5104102084696934,0.3762093257608915,0.7222491664909549,0.7515235384542825
diabetes,Covariates Only,7,County-Blocked (10-fold),54115,6013,0.5062942569172706,0.3823189780525175,0.7545070744060267,0.7480155714569077
diabetes,Covariates Only,8,County-Blocked (10-fold),54116,6012,0.4849657270156475,0.35826147676762304,0.7938170754284878,0.7430224888574144
diabetes,Covariates Only,9,County-Blocked (10-fold),54116,6012,0.5033677072350344,0.3686839210314981,0.722565682937161,0.7509979589523035
depression,HRSN + Covariates,0,County-Blocked (10-fold),54115,6013,0.5782774816264014,0.46779852772981523,0.5627538825782489,0.6223600589320755
depression,HRSN + Covariates,1,County-Blocked (10-fold),54115,6013,0.5844739529465476,0.45556615089099456,0.6633108591606933,0.6152153825147921
depression,HRSN + Covariates,2,County-Blocked (10-fold),54115,6013,0.6170641495346924,0.4865137588834074,0.5784669436298026,0.6252563851453103
depression,HRSN + Covariates,3,County-Blocked (10-fold),54115,6013,0.6493217350626552,0.532610563365019,0.6065258162050985,0.616948478038152
depression,HRSN + Covariates,4,County-Blocked (10-fold),54115,6013,0.6243634495683882,0.5077907290971384,0.45316331425507606,0.6312131768248133
depression,HRSN + Covariates,5,County-Blocked (10-fold),54115,6013,0.585168574426718,0.4759883781692805,0.738738684143563,0.6006475513967235
depression,HRSN + Covariates,6,County-Blocked (10-fold),54115,6013,0.7531847647640731,0.5836573465751319,0.5079365797037907,0.6328687713787253
depression,HRSN + Covariates,7,County-Blocked (10-fold),54115,6013,0.7078029088898511,0.5701574525246019,0.5929294140547774,0.62409480794725
depression,HRSN + Covariates,8,County-Blocked (10-fold),54116,6012,0.5953362863147365,0.4734336795598779,0.5602997430822736,0.6264456701007097
depression,HRSN + Covariates,9,County-Blocked (10-fold),54116,6012,0.5498386818749553,0.4390765678695819,0.5765115551889625,0.6243701679147275
depression,SVI + Covariates,0,County-Blocked (10-fold),54115,6013,0.6063916137939969,0.46542937002860474,0.5192051880017852,0.4619632603576225
depression,SVI + Covariates,1,County-Blocked (10-fold),54115,6013,0.6960765489393766,0.5676975053982919,0.5224566616282019,0.46028213083592173
depression,SVI + Covariates,2,County-Blocked (10-fold),54115,6013,0.7464935975336126,0.6100911161694264,0.38308805228997567,0.476878024629253
depression,SVI + Covariates,3,County-Blocked (10-fold),54115,6013,0.8465409849192078,0.7129010384767861,0.3312060426978256,0.47715609374392975
depression,SVI + Covariates,4,County-Blocked (10-fold),54115,6013,0.7101024957037387,0.575805427753566,0.29266560337353964,0.4778925122234946
depression,SVI + Covariates,5,County-Blocked (10-fold),54115,6013,0.7914774412381024,0.6416663695674906,0.5220414861443936,0.45611800904111355
depression,SVI + Covariates,6,County-Blocked (10-fold),54115,6013,0.8159951070324276,0.6370747908461942,0.4224452806184623,0.47241909672300697
depression,SVI + Covariates,7,County-Blocked (10-fold),54115,6013,0.798740131947103,0.6484487717265565,0.4816106777021185,0.4653989912780029
depression,SVI + Covariates,8,County-Blocked (10-fold),54116,6012,0.666724890544513,0.519617705667363,0.4485256101788554,0.4703642187771663
depression,SVI + Covariates,9,County-Blocked (10-fold),54116,6012,0.6558064315255645,0.5298133541809722,0.3975481695486319,0.4738774882950102
depression,HRSN + SVI + Covariates,0,County-Blocked (10-fold),54115,6013,0.5584642349383081,0.44200261550650843,0.5922029024286242,0.6426558213290933
depression,HRSN + SVI + Covariates,1,County-Blocked (10-fold),54115,6013,0.5676037649654028,0.43995851849011725,0.6824666675898979,0.6356887899623809
depression,HRSN + SVI + Covariates,2,County-Blocked (10-fold),54115,6013,0.6225972817567518,0.49603645976337296,0.5708733885976637,0.6480142520779653
depression,HRSN + SVI + Covariates,3,County-Blocked (10-fold),54115,6013,0.6416267577492718,0.5293976870634783,0.6157965181965681,0.6389161706259456
depression,HRSN + SVI + Covariates,4,County-Blocked (10-fold),54115,6013,0.6057224544226042,0.495299481132111,0.48532858673916823,0.650758200193027
depression,HRSN + SVI + Covariates,5,County-Blocked (10-fold),54115,6013,0.5469119486506124,0.4391606371067136,0.7717830256063076,0.6198185949724038
depression,HRSN + SVI + Covariates,6,County-Blocked (10-fold),54115,6013,0.7228833984825732,0.5610701221996982,0.5467325530385334,0.6509026373888083
depression,HRSN + SVI + Covariates,7,County-Blocked (10-fold),54115,6013,0.6766610352933996,0.5443417773470367,0.6279619376706358,0.642434965686635
depression,HRSN + SVI + Covariates,8,County-Blocked (10-fold),54116,6012,0.5831996910294011,0.46402745296495224,0.5780445683034179,0.6469968118630938
depression,HRSN + SVI + Covariates,9,County-Blocked (10-fold),54116,6012,0.5459280318387549,0.4319687566928107,0.5825141363602995,0.6457718420578333
depression,Covariates Only,0,County-Blocked (10-fold),54115,6013,0.665432350751494,0.5208737600977239,0.4210231204140511,0.40342673180563404
depression,Covariates Only,1,County-Blocked (10-fold),54115,6013,0.719004504776053,0.5759574257820466,0.4904790930481183,0.39573840592547294
depression,Covariates Only,2,County-Blocked (10-fold),54115,6013,0.7471811347759788,0.6102451484219581,0.3819511496655258,0.40992764293561446
depression,Covariates Only,3,County-Blocked (10-fold),54115,6013,0.8713147098332505,0.726123678145552,0.2914892333573077,0.4124877295170637
depression,Covariates Only,4,County-Blocked (10-fold),54115,6013,0.7182362267515379,0.57808568394984,0.27636875151987106,0.4128631963163929
depression,Covariates Only,5,County-Blocked (10-fold),54115,6013,0.938693565665607,0.7188157065782562,0.32770357495489577,0.4165712583006781
depression,Covariates Only,6,County-Blocked (10-fold),54115,6013,0.8434629811755505,0.655573037921691,0.38290776606487964,0.4081448719578131
depression,Covariates Only,7,County-Blocked (10-fold),54115,6013,0.8558157047563123,0.6918309111779997,0.4048786380114535,0.40618737775430946
depression,Covariates Only,8,County-Blocked (10-fold),54116,6012,0.6834448916781649,0.528569279135541,0.4205192481932003,0.40627012426531395
depression,Covariates Only,9,County-Blocked (10-fold),54116,6012,0.6476633416326282,0.5232399361984706,0.412416464876053,0.40695043267270414
casthma,HRSN + Covariates,0,County-Blocked (10-fold),54115,6013,0.4686284885338556,0.3547329496755037,0.7185981276993696,0.7215240184700826
casthma,HRSN + Covariates,1,County-Blocked (10-fold),54115,6013,0.4934085214246962,0.38343663475732975,0.7888326476303906,0.7186588219396266
casthma,HRSN + Covariates,2,County-Blocked (10-fold),54115,6013,0.5237513827262675,0.4246431491467342,0.6298005656897339,0.7329344024366169
casthma,HRSN + Covariates,3,County-Blocked (10-fold),54115,6013,0.5896227689358426,0.4534536060024251,0.636796199802188,0.7311970758358626
casthma,HRSN + Covariates,4,County-Blocked (10-fold),54115,6013,0.5706986818071705,0.4285716491328427,0.5786249381868902,0.7385545328742044
casthma,HRSN + Covariates,5,County-Blocked (10-fold),54115,6013,0.5722784652293987,0.43446602893972375,0.7009165130413484,0.7295085142242834
casthma,HRSN + Covariates,6,County-Blocked (10-fold),54115,6013,0.5420329192373966,0.4209080919804191,0.6916344996465431,0.7295922064444704
casthma,HRSN + Covariates,7,County-Blocked (10-fold),54115,6013,0.5305666762263328,0.4121724838702708,0.7953053398071083,0.7149306938349584
casthma,HRSN + Covariates,8,County-Blocked (10-fold),54116,6012,0.49260295084754546,0.3956236901618422,0.7500992105350618,0.7234272926212928
casthma,HRSN + Covariates,9,County-Blocked (10-fold),54116,6012,0.5644099129766497,0.41383503487228146,0.6237292422005107,0.7354207689726873
casthma,SVI + Covariates,0,County-Blocked (10-fold),54115,6013,0.594487709291812,0.4499517535738116,0.547148959031318,0.566935204635773
casthma,SVI + Covariates,1,County-Blocked (10-fold),54115,6013,0.6503059978683224,0.4943065654224786,0.6331833819301754,0.5659459281530015
casthma,SVI + Covariates,2,County-Blocked (10-fold),54115,6013,0.6180010056837703,0.4719709799686223,0.4845770534474899,0.5799177707080035
casthma,SVI + Covariates,3,County-Blocked (10-fold),54115,6013,0.7590008906831108,0.5999907023811304,0.3981524969066902,0.5846248882193283
casthma,SVI + Covariates,4,County-Blocked (10-fold),54115,6013,0.6523982748431149,0.4858754867005636,0.4493435909688549,0.5840754467540121
casthma,SVI + Covariates,5,County-Blocked (10-fold),54115,6013,0.6986663580377219,0.5293239540150835,0.5542233755149233,0.575835335996305
casthma,SVI + Covariates,6,County-Blocked (10-fold),54115,6013,0.6532264220581542,0.49352536248755674,0.5521403431395582,0.5754439011031132
casthma,SVI + Covariates,7,County-Blocked (10-fold),54115,6013,0.7053892238333206,0.5435680158920785,0.6381869591179021,0.561550712065706
casthma,SVI + Covariates,8,County-Blocked (10-fold),54116,6012,0.6195157479137046,0.48109286412357294,0.6047441458920766,0.5696356581002653
casthma,SVI + Covariates,9,County-Blocked (10-fold),54116,6012,0.6174897843720093,0.470204208400846,0.5496286488129617,0.5756818230749509
casthma,HRSN + SVI + Covariates,0,County-Blocked (10-fold),54115,6013,0.4710045636027964,0.35905923470594947,0.7157373240421229,0.7268263845830989
casthma,HRSN + SVI + Covariates,1,County-Blocked (10-fold),54115,6013,0.4825475100132228,0.3760907460192034,0.7980268488800404,0.7227832605797934
casthma,HRSN + SVI + Covariates,2,County-Blocked (10-fold),54115,6013,0.5146166086591561,0.41661703843983566,0.6426012883466634,0.7371691802754619
casthma,HRSN + SVI + Covariates,3,County-Blocked (10-fold),54115,6013,0.583855155683807,0.44899271431291576,0.6438670713399239,0.7357932171487298
casthma,HRSN + SVI + Covariates,4,County-Blocked (10-fold),54115,6013,0.5699953835434663,0.42483515931498445,0.5796628580365757,0.7435519538504394
casthma,HRSN + SVI + Covariates,5,County-Blocked (10-fold),54115,6013,0.5840448743331481,0.4382522288225883,0.6884913852619349,0.7358933717820689
casthma,HRSN + SVI + Covariates,6,County-Blocked (10-fold),54115,6013,0.5364538065105995,0.4174929706795485,0.6979498056319982,0.7341254705127549
casthma,HRSN + SVI + Covariates,7,County-Blocked (10-fold),54115,6013,0.5200923993624176,0.40309568422576314,0.8033075957994531,0.7191510275212676
casthma,HRSN + SVI + Covariates,8,County-Blocked (10-fold),54116,6012,0.49000945020605086,0.39249559519496985,0.7527236841476098,0.7283808893764989
casthma,HRSN + SVI + Covariates,9,County-Blocked (10-fold),54116,6012,0.5610582448521909,0.40798759171832694,0.6281848342852276,0.7400950502477326
casthma,Covariates Only,0,County-Blocked (10-fold),54115,6013,0.632942769884222,0.4711024783859767,0.4866678128033086,0.545330490115393
casthma,Covariates Only,1,County-Blocked (10-fold),54115,6013,0.6682188201679266,0.5080073455935888,0.6126969743103359,0.5411859457899699
casthma,Covariates Only,2,County-Blocked (10-fold),54115,6013,0.618409007194229,0.4797199528506618,0.4838962689304839,0.5537120241932529
casthma,Covariates Only,3,County-Blocked (10-fold),54115,6013,0.7705593608184895,0.6073749136101309,0.3796824143619164,0.5592001041779691
casthma,Covariates Only,4,County-Blocked (10-fold),54115,6013,0.6595856353438817,0.49371250253412935,0.4371437820658195,0.5588007160889314
casthma,Covariates Only,5,County-Blocked (10-fold),54115,6013,0.744723069135201,0.5666190097493867,0.49351423709594433,0.5559237290227217
casthma,Covariates Only,6,County-Blocked (10-fold),54115,6013,0.6675399227194767,0.4987806354363052,0.5322983034819029,0.5506872521225216
casthma,Covariates Only,7,County-Blocked (10-fold),54115,6013,0.7370673525899851,0.572573974897557,0.6049601342428295,0.5386386153666115
casthma,Covariates Only,8,County-Blocked (10-fold),54116,6012,0.6273130793521516,0.4923874238087392,0.594732016817957,0.5437446973818727
casthma,Covariates Only,9,County-Blocked (10-fold),54116,6012,0.6181798921661122,0.47681534520363916,0.5486214144729578,0.5491117508332126
obesity,HRSN + Covariates,0,County-Blocked (10-fold),54115,6013,0.41321901367639413,0.32803661541374834,0.8347693506992175,0.8032900692629472
obesity,HRSN + Covariates,1,County-Blocked (10-fold),54115,6013,0.3959710364751542,0.3131401320352584,0.8280997021340684,0.8066356221298657
obesity,HRSN + Covariates,2,County-Blocked (10-fold),54115,6013,0.4532058151634385,0.35931252999433205,0.7981400003042903,0.8096924414781997
obesity,HRSN + Covariates,3,County-Blocked (10-fold),54115,6013,0.5168871319447259,0.4026726186736684,0.7726596388394742,0.8127162849068947
obesity,HRSN + Covariates,4,County-Blocked (10-fold),54115,6013,0.44023617041697116,0.34887264838365756,0.7508610096189249,0.8131401227998003
obesity,HRSN + Covariates,5,County-Blocked (10-fold),54115,6013,0.46555750869721046,0.3726773302097291,0.8249442009597162,0.8051994238185445
obesity,HRSN + Covariates,6,County-Blocked (10-fold),54115,6013,0.40930417431501737,0.33414741370917467,0.8355889965752066,0.8054830906392543
obesity,HRSN + Covariates,7,County-Blocked (10-fold),54115,6013,0.4721744152874533,0.3704021462247016,0.7856204522668487,0.8106261884290296
obesity,HRSN + Covariates,8,County-Blocked (10-fold),54116,6012,0.41410155236034013,0.3353714404850837,0.8186300417606329,0.8073387553050362
obesity,HRSN + Covariates,9,County-Blocked (10-fold),54116,6012,0.4794017467040237,0.3863887933045911,0.6794717091364957,0.8163566023535096
obesity,SVI + Covariates,0,County-Blocked (10-fold),54115,6013,0.5243604312256516,0.4325076157226421,0.7339337185725601,0.7184112879735527
obesity,SVI + Covariates,1,County-Blocked (10-fold),54115,6013,0.4606852925179448,0.3632860093275631,0.7673203062413024,0.7185631739927518
obesity,SVI + Covariates,2,County-Blocked (10-fold),54115,6013,0.5278071611969983,0.4124185394026156,0.7262148569145721,0.7226081185829113
obesity,SVI + Covariates,3,County-Blocked (10-fold),54115,6013,0.6211125115696291,0.47097736245786587,0.671734183741279,0.7296556984044031
obesity,SVI + Covariates,4,County-Blocked (10-fold),54115,6013,0.5083941137477196,0.4069246741103977,0.6677451849226907,0.727617806977561
obesity,SVI + Covariates,5,County-Blocked (10-fold),54115,6013,0.5858543046070532,0.472843333423565,0.7227898794803403,0.722673437736749
obesity,SVI + Covariates,6,County-Blocked (10-fold),54115,6013,0.5003503871343797,0.39878597181883196,0.7543102646500439,0.7194863837326333
obesity,SVI + Covariates,7,County-Blocked (10-fold),54115,6013,0.49906545333416685,0.38540927025866983,0.7605066473292317,0.7184442714363328
obesity,SVI + Covariates,8,County-Blocked (10-fold),54116,6012,0.49916709775816087,0.39225900018515353,0.7364618222292234,0.7215985301041592
obesity,SVI + Covariates,9,County-Blocked (10-fold),54116,6012,0.5738240741587931,0.45525545385571076,0.540775898662737,0.7344040516814342
obesity,HRSN + SVI + Covariates,0,County-Blocked (10-fold),54115,6013,0.3957255856479225,0.3096842019607296,0.8484631424335987,0.8083827242187878
obesity,HRSN + SVI + Covariates,1,County-Blocked (10-fold),54115,6013,0.3906253767873827,0.30870829915620757,0.8327097247690253,0.812494773691511
obesity,HRSN + SVI + Covariates,2,County-Blocked (10-fold),54115,6013,0.44138595113766665,0.3498349216499499,0.8085319419165933,0.8148691277035096
obesity,HRSN + SVI + Covariates,3,County-Blocked (10-fold),54115,6013,0.5123505177938678,0.3964643450336386,0.7766327673481742,0.8185846821142203
obesity,HRSN + SVI + Covariates,4,County-Blocked (10-fold),54115,6013,0.43180062408709097,0.34223258667625434,0.7603172451566247,0.8186009174333561
obesity,HRSN + SVI + Covariates,5,County-Blocked (10-fold),54115,6013,0.451390020047089,0.35789012531184583,0.8354364161426209,0.8106587412955047
obesity,HRSN + SVI + Covariates,6,County-Blocked (10-fold),54115,6013,0.40064875131559263,0.326881771862167,0.8424689675783953,0.811087468673604
obesity,HRSN + SVI + Covariates,7,County-Blocked (10-fold),54115,6013,0.4719525652936438,0.37255397599448586,0.7858218563531328,0.8169321677163395
obesity,HRSN + SVI + Covariates,8,County-Blocked (10-fold),54116,6012,0.4102702213357102,0.3295706416482503,0.8219706413659786,0.8133439167752425
obesity,HRSN + SVI + Covariates,9,County-Blocked (10-fold),54116,6012,0.4814858801158447,0.3882634984760126,0.6766787456321898,0.8227159633209218
obesity,Covariates Only,0,County-Blocked (10-fold),54115,6013,0.5964752982994735,0.4767104791206808,0.6557175046283428,0.6678096495193147
obesity,Covariates Only,1,County-Blocked (10-fold),54115,6013,0.47425341610434524,0.3732186415802997,0.7534126893063371,0.6615556065751429
obesity,Covariates Only,2,County-Blocked (10-fold),54115,6013,0.5838775343749761,0.4478261689092295,0.6649552234187449,0.6704501888287873
obesity,Covariates Only,3,County-Blocked (10-fold),54115,6013,0.6643539084807896,0.4936616414968883,0.6244358810491961,0.675908046057331
obesity,Covariates Only,4,County-Blocked (10-fold),54115,6013,0.5485238244698424,0.4354623096341544,0.6132224598047551,0.6745885109706271
obesity,Covariates Only,5,County-Blocked (10-fold),54115,6013,0.7096035291996058,0.5606027670913232,0.5933119937733942,0.6805773047225918
obesity,Covariates Only,6,County-Blocked (10-fold),54115,6013,0.5464044316303014,0.43293708880574744,0.7070004466532445,0.6657622365745577
obesity,Covariates Only,7,County-Blocked (10-fold),54115,6013,0.5212713821046666,0.4047462151948816,0.7387199722793494,0.6617793575775315
obesity,Covariates Only,8,County-Blocked (10-fold),54116,6012,0.5302354607396714,0.4192324795864795,0.7026354635429504,0.6664825430734919
obesity,Covariates Only,9,County-Blocked (10-fold),54116,6012,0.5855649741050771,0.4647686782632758,0.5217914615696155,0.6779522023688307
chd,HRSN + Covariates,0,County-Blocked (10-fold),54115,6013,0.3685028470175534,0.2743375561855224,0.858609393098158,0.8507012247338754
chd,HRSN + Covariates,1,County-Blocked (10-fold),54115,6013,0.41634998643527155,0.3120055315081473,0.8119126581131035,0.8553932750798666
chd,HRSN + Covariates,2,County-Blocked (10-fold),54115,6013,0.39324511242594395,0.299089807004663,0.8602403525481892,0.8506592202266992
chd,HRSN + Covariates,3,County-Blocked (10-fold),54115,6013,0.4064047221433472,0.30160074534647435,0.8377951110318297,0.8532347189535407
chd,HRSN + Covariates,4,County-Blocked (10-fold),54115,6013,0.3746436650393872,0.2874118473704676,0.8541444485863805,0.8514117688666487
chd,HRSN + Covariates,5,County-Blocked (10-fold),54115,6013,0.41300007022949575,0.30155651184702276,0.8242411248196848,0.8544850900916015
chd,HRSN + Covariates,6,County-Blocked (10-fold),54115,6013,0.36502423677170537,0.272397038829839,0.8569574684413462,0.8513797220770367
chd,HRSN + Covariates,7,County-Blocked (10-fold),54115,6013,0.3894938392061006,0.2943685584418321,0.8471155158823493,0.8522939287520975
chd,HRSN + Covariates,8,County-Blocked (10-fold),54116,6012,0.3708653400333966,0.2784577375462023,0.8725040485993549,0.8493083087768443
chd,HRSN + Covariates,9,County-Blocked (10-fold),54116,6012,0.40385397406185475,0.3019833547673741,0.8386660568974301,0.8529487991772764
chd,SVI + Covariates,0,County-Blocked (10-fold),54115,6013,0.4743902148255299,0.34892547537466295,0.76567948767215,0.7644225544667069
chd,SVI + Covariates,1,County-Blocked (10-fold),54115,6013,0.4821946038166622,0.35323880017643355,0.7477174854361479,0.7664953790586143
chd,SVI + Covariates,2,County-Blocked (10-fold),54115,6013,0.4863006368125865,0.3611424605149768,0.7862703345825557,0.7621940438640593
chd,SVI + Covariates,3,County-Blocked (10-fold),54115,6013,0.5161779035490027,0.3808322752338597,0.7383352217252748,0.7675989313517699
chd,SVI + Covariates,4,County-Blocked (10-fold),54115,6013,0.4764339056512282,0.35919603768496744,0.7641197941637006,0.7646183891940295
chd,SVI + Covariates,5,County-Blocked (10-fold),54115,6013,0.48484074809185274,0.36228620081107565,0.757777078001663,0.7655902896789208
chd,SVI + Covariates,6,County-Blocked (10-fold),54115,6013,0.47304151445847104,0.3480297953900443,0.7597738410362758,0.7653327110049286
chd,SVI + Covariates,7,County-Blocked (10-fold),54115,6013,0.4723231212709296,0.35065386033778695,0.7751770518944432,0.763686694372109
chd,SVI + Covariates,8,County-Blocked (10-fold),54116,6012,0.48639704538263484,0.35836733388683895,0.7806964026617631,0.7627920966245056
chd,SVI + Covariates,9,County-Blocked (10-fold),54116,6012,0.5099769487737157,0.3748456304193986,0.7427365324155059,0.7667688249231497
chd,HRSN + SVI + Covariates,0,County-Blocked (10-fold),54115,6013,0.36500652954598656,0.27243119581368647,0.8612796644343703,0.8589199112240321
chd,HRSN + SVI + Covariates,1,County-Blocked (10-fold),54115,6013,0.40601287278883647,0.30507144196458685,0.8211363595755855,0.863030849342419
chd,HRSN + SVI + Covariates,2,County-Blocked (10-fold),54115,6013,0.3887234031971722,0.29528999998511335,0.8634359129293623,0.8589370007823417
chd,HRSN + SVI + Covariates,3,County-Blocked (10-fold),54115,6013,0.3972988871228269,0.29819078456654324,0.8449823509965353,0.8611254941083497
chd,HRSN + SVI + Covariates,4,County-Blocked (10-fold),54115,6013,0.3649893226138168,0.2805036381762282,0.8615648115263091,0.8592847717406894
chd,HRSN + SVI + Covariates,5,County-Blocked (10-fold),54115,6013,0.39363202147608717,0.29137151997803273,0.8403393641425264,0.8614552581154558
chd,HRSN + SVI + Covariates,6,County-Blocked (10-fold),54115,6013,0.3517201474723367,0.26434043990303313,0.8671944338239269,0.8589217813493393
chd,HRSN + SVI + Covariates,7,County-Blocked (10-fold),54115,6013,0.3779521824980931,0.287320670306904,0.8560419544115612,0.859963800204955
chd,HRSN + SVI + Covariates,8,County-Blocked (10-fold),54116,6012,0.36125466304500536,0.26961855375919325,0.8790263393253313,0.8572808412398032
chd,HRSN + SVI + Covariates,9,County-Blocked (10-fold),54116,6012,0.3993154071649153,0.30039035574607964,0.8422718675017395,0.861163506052029
chd,Covariates Only,0,County-Blocked (10-fold),54115,6013,0.4895518901509199,0.36375338332239837,0.7504622085539926,0.7487240089084417
chd,Covariates Only,1,County-Blocked (10-fold),54115,6013,0.4920279635398778,0.3601178293748448,0.7373230101370967,0.7503988021571116
chd,Covariates Only,2,County-Blocked (10-fold),54115,6013,0.50025531425235,0.3710477881620126,0.7738281496454931,0.7462042886624316
chd,Covariates Only,3,County-Blocked (10-fold),54115,6013,0.5315969056010651,0.39160000603213857,0.7224691041583253,0.7520308553330717
chd,Covariates Only,4,County-Blocked (10-fold),54115,6013,0.49258657299811537,0.3690825924863935,0.747854445354933,0.7490619453715099
chd,Covariates Only,5,County-Blocked (10-fold),54115,6013,0.5127530776921608,0.38320579651808984,0.729084679705988,0.7514359707794122
chd,Covariates Only,6,County-Blocked (10-fold),54115,6013,0.4915937312803397,0.3594775013270031,0.7405614807681589,0.750109144032459
chd,Covariates Only,7,County-Blocked (10-fold),54115,6013,0.48783086313220614,0.36340100305819906,0.7601715101780219,0.7480251315388311
chd,Covariates Only,8,County-Blocked (10-fold),54116,6012,0.4986590724282972,0.3684915146835064,0.7694997774378005,0.7466478959980527
chd,Covariates Only,9,County-Blocked (10-fold),54116,6012,0.5214758965030256,0.38321344848509487,0.7310041960769231,0.7506917610175339
copd,HRSN + Covariates,0,County-Blocked (10-fold),54115,6013,0.3236366908635797,0.24908347470088504,0.8884817623919812,0.8938264140880507
copd,HRSN + Covariates,1,County-Blocked (10-fold),54115,6013,0.30969911028931735,0.22834961473107268,0.8962276041239008,0.8937018359850972
copd,HRSN + Covariates,2,County-Blocked (10-fold),54115,6013,0.32027580197088984,0.2341362908768764,0.8943160583310764,0.8939840460514717
copd,HRSN + Covariates,3,County-Blocked (10-fold),54115,6013,0.33654701056146064,0.24763723946660873,0.8971037612755048,0.8932583422230704
copd,HRSN + Covariates,4,County-Blocked (10-fold),54115,6013,0.32978544962918754,0.24920952716045255,0.8730059282387662,0.8957848595462297
copd,HRSN + Covariates,5,County-Blocked (10-fold),54115,6013,0.38364497753281135,0.27628733058709093,0.8577575483406196,0.8976010526274196
copd,HRSN + Covariates,6,County-Blocked (10-fold),54115,6013,0.31303335868309196,0.22974482157996468,0.8981665577520452,0.8935843578679393
copd,HRSN + Covariates,7,County-Blocked (10-fold),54115,6013,0.32888344031924294,0.24602926193345306,0.9086919910952459,0.8920124405625299
copd,HRSN + Covariates,8,County-Blocked (10-fold),54116,6012,0.32595032345461167,0.24309648472365705,0.8970739059994898,0.8935057475640465
copd,HRSN + Covariates,9,County-Blocked (10-fold),54116,6012,0.32335855805591884,0.23689961808695617,0.8857367257000469,0.8948556972974874
copd,SVI + Covariates,0,County-Blocked (10-fold),54115,6013,0.43509370718818685,0.3207333948432709,0.7984438761945181,0.7860945904685654
copd,SVI + Covariates,1,County-Blocked (10-fold),54115,6013,0.43870581769656875,0.3182394403182075,0.7917674029503534,0.7875444923617668
copd,SVI + Covariates,2,County-Blocked (10-fold),54115,6013,0.459024855831592,0.3397926117183741,0.782913331536409,0.7885062987589904
copd,SVI + Covariates,3,County-Blocked (10-fold),54115,6013,0.5012764133936742,0.35970763335018485,0.7717227848382331,0.7892450349905636
copd,SVI + Covariates,4,County-Blocked (10-fold),54115,6013,0.4482509250830453,0.336851633357725,0.7653811745089079,0.7897658939072222
copd,SVI + Covariates,5,County-Blocked (10-fold),54115,6013,0.4646744029826393,0.34241960256533227,0.7913263107248794,0.7874119704021811
copd,SVI + Covariates,6,County-Blocked (10-fold),54115,6013,0.45900640704266604,0.33108032434633416,0.7810491287283172,0.7886413580812894
copd,SVI + Covariates,7,County-Blocked (10-fold),54115,6013,0.4830059996424618,0.3473817325038153,0.8030618247228856,0.7858167112432882
copd,SVI + Covariates,8,County-Blocked (10-fold),54116,6012,0.4630140109927829,0.33843080071558873,0.7923122289544269,0.787137338063278
copd,SVI + Covariates,9,County-Blocked (10-fold),54116,6012,0.46326011900165515,0.3403351417933135,0.765475739804076,0.7901789954822948
copd,HRSN + SVI + Covariates,0,County-Blocked (10-fold),54115,6013,0.308867909987497,0.23702561625826396,0.898427539665476,0.9048303122430296
copd,HRSN + SVI + Covariates,1,County-Blocked (10-fold),54115,6013,0.29297804715463666,0.2159883252962171,0.9071307179548396,0.9046046726329893
copd,HRSN + SVI + Covariates,2,County-Blocked (10-fold),54115,6013,0.3069015002704626,0.22680557342653432,0.9029582162229649,0.9051333903244897
copd,HRSN + SVI + Covariates,3,County-Blocked (10-fold),54115,6013,0.3225783773078168,0.23890735954581085,0.9054680685799582,0.9045332786793014
copd,HRSN + SVI + Covariates,4,County-Blocked (10-fold),54115,6013,0.3129823332479753,0.23936398609935522,0.8856173602650295,0.9065776446394058
copd,HRSN + SVI + Covariates,5,County-Blocked (10-fold),54115,6013,0.34961520865907253,0.25585681012751205,0.8818725501708499,0.9071207550319049
copd,HRSN + SVI + Covariates,6,County-Blocked (10-fold),54115,6013,0.296541998038782,0.22099787658696443,0.9086135933144879,0.9045381531316121
copd,HRSN + SVI + Covariates,7,County-Blocked (10-fold),54115,6013,0.31504767014559004,0.2359744117500684,0.9162128528560823,0.9033839253498042
copd,HRSN + SVI + Covariates,8,County-Blocked (10-fold),54116,6012,0.31034883567906607,0.2314441228599512,0.9066911364661934,0.9046005849005181
copd,HRSN + SVI + Covariates,9,County-Blocked (10-fold),54116,6012,0.3090900663754134,0.22796260913824679,0.895598186768779,0.9058863221592708
copd,Covariates Only,0,County-Blocked (10-fold),54115,6013,0.45611571911340654,0.3361669148657934,0.7784965613281851,0.7666796539949235
copd,Covariates Only,1,County-Blocked (10-fold),54115,6013,0.4542872283446405,0.32967280249157527,0.7767132342393985,0.767717393553433
copd,Covariates Only,2,County-Blocked (10-fold),54115,6013,0.4747965970217558,0.34791383945995186,0.7677391862950245,0.768665786772586
copd,Covariates Only,3,County-Blocked (10-fold),54115,6013,0.5185861074519272,0.3731961894087588,0.7556851969471926,0.769396734072985
copd,Covariates Only,4,County-Blocked (10-fold),54115,6013,0.4687955154743231,0.3502054237348572,0.7433818531505716,0.7706016813879889
copd,Covariates Only,5,County-Blocked (10-fold),54115,6013,0.5085566530471912,0.37538106218334466,0.7500524549848872,0.7706738364868434
copd,Covariates Only,6,County-Blocked (10-fold),54115,6013,0.48291557107017496,0.3486905500245368,0.7576452141473522,0.7696878478204622
copd,Covariates Only,7,County-Blocked (10-fold),54115,6013,0.5009218379913543,0.3625289952366194,0.788181060275799,0.7658288102493959
copd,Covariates Only,8,County-Blocked (10-fold),54116,6012,0.47542956650952295,0.34712463351280937,0.7810247492668337,0.7667827073711357
copd,Covariates Only,9,County-Blocked (10-fold),54116,6012,0.4769338343399866,0.35015187601537545,0.7514268523267134,0.7702764394661138
stroke,HRSN + Covariates,0,County-Blocked (10-fold),54115,6013,0.35691501073467913,0.27428033787513506,0.8409216397788511,0.8894199673448177
stroke,HRSN + Covariates,1,County-Blocked (10-fold),54115,6013,0.3381358832670289,0.24725230927150335,0.8863498718517051,0.8864688689896265
stroke,HRSN + Covariates,2,County-Blocked (10-fold),54115,6013,0.3491224465514264,0.24924532285166606,0.87424260424462,0.8878056236164593
stroke,HRSN + Covariates,3,County-Blocked (10-fold),54115,6013,0.3670496835115846,0.2623583485060266,0.884170383144693,0.8867315288914831
stroke,HRSN + Covariates,4,County-Blocked (10-fold),54115,6013,0.32523155275549775,0.2415149029126715,0.8691444836503519,0.8880009832558915
stroke,HRSN + Covariates,5,County-Blocked (10-fold),54115,6013,0.34491018917263794,0.2473888559620769,0.8790517967388156,0.8873818919642544
stroke,HRSN + Covariates,6,County-Blocked (10-fold),54115,6013,0.3170511637217281,0.22774075386495485,0.8952887315738333,0.8857376223800085
stroke,HRSN + Covariates,7,County-Blocked (10-fold),54115,6013,0.34754697340094143,0.2506027551118956,0.8932447098687535,0.8856897231692131
stroke,HRSN + Covariates,8,County-Blocked (10-fold),54116,6012,0.33736703484261205,0.2432282861793365,0.9040678066918592,0.8842773789516798
stroke,HRSN + Covariates,9,County-Blocked (10-fold),54116,6012,0.33745392814628516,0.24539559310516953,0.8783654210920477,0.8873290889249956
stroke,SVI + Covariates,0,County-Blocked (10-fold),54115,6013,0.42087773868923334,0.29670870564955465,0.778795789330093,0.7944853973337603
stroke,SVI + Covariates,1,County-Blocked (10-fold),54115,6013,0.438997842010388,0.3109873024175356,0.8084367578687195,0.7916199585527075
stroke,SVI + Covariates,2,County-Blocked (10-fold),54115,6013,0.44873914795211894,0.31786125740346066,0.7922380998944094,0.7933521712907724
stroke,SVI + Covariates,3,County-Blocked (10-fold),54115,6013,0.4945314625953664,0.34290673591718335,0.7897394645581087,0.7934101557978022
stroke,SVI + Covariates,4,County-Blocked (10-fold),54115,6013,0.4310671680581714,0.31414846842726296,0.7701224377296016,0.7949295097268578
stroke,SVI + Covariates,5,County-Blocked (10-fold),54115,6013,0.466035998632774,0.33353565053336265,0.7791861539992587,0.7948024283644963
stroke,SVI + Covariates,6,County-Blocked (10-fold),54115,6013,0.45411011914694205,0.31693115844446795,0.7851887231941517,0.7941207927934146
stroke,SVI + Covariates,7,County-Blocked (10-fold),54115,6013,0.46506609326306214,0.32630203146845277,0.8088423255885847,0.7912876082119955
stroke,SVI + Covariates,8,County-Blocked (10-fold),54116,6012,0.47434029047891146,0.33204630048631467,0.8103559959913498,0.7908938806749802
stroke,SVI + Covariates,9,County-Blocked (10-fold),54116,6012,0.45603826540807046,0.3254746226634998,0.7778580139448343,0.7945592669713378
stroke,HRSN + SVI + Covariates,0,County-Blocked (10-fold),54115,6013,0.3620423338904329,0.27795953805342855,0.8363182760261539,0.8941082294237709
stroke,HRSN + SVI + Covariates,1,County-Blocked (10-fold),54115,6013,0.3311617062799629,0.24221272563138346,0.8909896758341606,0.8906667390336487
stroke,HRSN + SVI + Covariates,2,County-Blocked (10-fold),54115,6013,0.34254659247687447,0.24526866708874656,0.8789353658633493,0.891964924142169
stroke,HRSN + SVI + Covariates,3,County-Blocked (10-fold),54115,6013,0.36141024725430443,0.2591330692585468,0.8877023065139669,0.8910773608350255
stroke,HRSN + SVI + Covariates,4,County-Blocked (10-fold),54115,6013,0.3180999698648542,0.23673789927648026,0.8748202885242484,0.8921290316385787
stroke,HRSN + SVI + Covariates,5,County-Blocked (10-fold),54115,6013,0.3373199274623767,0.24321071728811988,0.8843165134864345,0.8915185867589576
stroke,HRSN + SVI + Covariates,6,County-Blocked (10-fold),54115,6013,0.3084985228305275,0.2225742791990459,0.900861830669559,0.8898364912687361
stroke,HRSN + SVI + Covariates,7,County-Blocked (10-fold),54115,6013,0.3410913213255272,0.24658703969317913,0.8971738151829655,0.8899841704537873
stroke,HRSN + SVI + Covariates,8,County-Blocked (10-fold),54116,6012,0.33340778094182555,0.2388003086090076,0.9063062659159759,0.888788901810885
stroke,HRSN + SVI + Covariates,9,County-Blocked (10-fold),54116,6012,0.33027273617221514,0.2408917490798914,0.883487229588054,0.8914690074350923
stroke,Covariates Only,0,County-Blocked (10-fold),54115,6013,0.4263514960542637,0.29979163841377454,0.77300459745112,0.7836648358037885
stroke,Covariates Only,1,County-Blocked (10-fold),54115,6013,0.44989989296142185,0.3172661905938498,0.7988040716200161,0.7810789419327702
stroke,Covariates Only,2,County-Blocked (10-fold),54115,6013,0.46235130518885065,0.3235699092138923,0.7794423293536126,0.7831362185334794
stroke,Covariates Only,3,County-Blocked (10-fold),54115,6013,0.5072296706751734,0.351423647862269,0.7788030105976242,0.7830215195820791
stroke,Covariates Only,4,County-Blocked (10-fold),54115,6013,0.4452115291056534,0.32167909733264183,0.7547892561854049,0.7848918787303548
stroke,Covariates Only,5,County-Blocked (10-fold),54115,6013,0.47906164117827665,0.3402617458576352,0.7666702216486578,0.7845778301432518
stroke,Covariates Only,6,County-Blocked (10-fold),54115,6013,0.4699844099865561,0.32686790295024704,0.7699079457905227,0.7841737743392918
stroke,Covariates Only,7,County-Blocked (10-fold),54115,6013,0.47404177322738184,0.3321089476178776,0.8013925151703885,0.7804535340659566
stroke,Covariates Only,8,County-Blocked (10-fold),54116,6012,0.4804151381165949,0.3369759127892246,0.80546737225596,0.7797011372737024
stroke,Covariates Only,9,County-Blocked (10-fold),54116,6012,0.4663966488713192,0.33091930732556835,0.7676520084644317,0.784070821419965
diabetes,HRSN + Covariates,0,State-Blocked (LOSO),58701,1427,0.3991518881295836,0.2995250879393271,0.9040880968725873,0.8718735330414975
diabetes,HRSN + Covariates,1,State-Blocked (LOSO),59955,173,0.36485216724369174,0.26350319361407726,0.7072203232017531,0.8757733003743566
diabetes,HRSN + Covariates,2,State-Blocked (LOSO),58398,1730,0.40137353969876094,0.308334927455127,0.8088399388603531,0.8770081762798566
diabetes,HRSN + Covariates,3,State-Blocked (LOSO),59309,819,0.29055067327996403,0.22470481717016927,0.9210909717421267,0.8746069780539784
diabetes,HRSN + Covariates,4,State-Blocked (LOSO),51108,9020,0.571977745529871,0.5000707486993761,0.42156980837063396,0.8877330387338316
diabetes,HRSN + Covariates,5,State-Blocked (LOSO),59256,872,0.38317273403920726,0.31553564557854236,0.7463080248895999,0.8762742532976635
diabetes,HRSN + Covariates,6,State-Blocked (LOSO),59872,256,0.3444559323836162,0.26888478848354846,0.7600804393290592,0.8759262504626485
diabetes,HRSN + Covariates,7,State-Blocked (LOSO),59925,203,0.8122639023000547,0.7317955558396781,0.40702154161997917,0.8769384155650102
diabetes,HRSN + Covariates,8,State-Blocked (LOSO),57349,2779,0.420208422840805,0.34203294912871096,0.8524550931355314,0.875887337576527
diabetes,HRSN + Covariates,9,State-Blocked (LOSO),59712,416,0.6651102162073856,0.5508611366997378,0.31796877678689117,0.8779479237344304
diabetes,HRSN + Covariates,10,State-Blocked (LOSO),59676,452,0.2968108896317032,0.2231688335625004,0.7399485146011562,0.8757878626673806
diabetes,HRSN + Covariates,11,State-Blocked (LOSO),56872,3256,0.35981257745376627,0.26758127124090086,0.868617333903348,0.8755832986041281
diabetes,HRSN + Covariates,12,State-Blocked (LOSO),58447,1681,0.3251193383276012,0.2515241324879584,0.8736112541644266,0.8753164468264353
diabetes,HRSN + Covariates,13,State-Blocked (LOSO),59236,892,0.24075356776825504,0.17675064882349542,0.8435577094000171,0.8758083579290172
diabetes,HRSN + Covariates,14,State-Blocked (LOSO),59313,815,0.24891015423632085,0.18183434683002173,0.8784442921559812,0.8756489859909034
diabetes,HRSN + Covariates,15,State-Blocked (LOSO),58766,1362,0.3395615480099736,0.25874381724107837,0.9300279857767304,0.8708675388123951
diabetes,HRSN + Covariates,16,State-Blocked (LOSO),59728,400,0.3780849479643743,0.3076041468247103,0.6473702086256853,0.8762412020593697
diabetes,HRSN + Covariates,17,State-Blocked (LOSO),58673,1455,0.296507748405741,0.23071022094634877,0.8952423399015436,0.8752755516774
diabetes,HRSN + Covariates,18,State-Blocked (LOSO),58541,1587,0.2693130749156285,0.21704326009840824,0.8704562914857099,0.8742910370123647
diabetes,HRSN + Covariates,19,State-Blocked (LOSO),57247,2881,0.5328328871700458,0.4397382352691212,0.7363901894768625,0.8817661460329835
diabetes,HRSN + Covariates,20,State-Blocked (LOSO),58631,1497,0.2565115894621386,0.19282315956590304,0.8410156233746605,0.8751358658848059
diabetes,HRSN + Covariates,21,State-Blocked (LOSO),59259,869,0.7800152785969787,0.673310051406573,0.6020050647475768,0.8787412929020998
diabetes,HRSN + Covariates,22,State-Blocked (LOSO),58482,1646,0.3854721433337342,0.3191797781057443,0.8360293526522272,0.8763258013138129
diabetes,HRSN + Covariates,23,State-Blocked (LOSO),59813,315,0.38209409015502444,0.2651591477025905,0.6780818599128181,0.8760300154827176
diabetes,HRSN + Covariates,24,State-Blocked (LOSO),59581,547,0.3609913638661444,0.28984502380339816,0.720520490575777,0.8761976858418452
diabetes,HRSN + Covariates,25,State-Blocked (LOSO),59360,768,0.2737724944208298,0.22509667546807352,0.8671665150465485,0.8757401120321944
diabetes,HRSN + Covariates,26,State-Blocked (LOSO),59781,347,0.37268941863419136,0.33011952721254395,0.2686362063480181,0.8759829194204017
diabetes,HRSN + Covariates,27,State-Blocked (LOSO),57968,2160,0.27353895093701375,0.21437286673395195,0.8825920821757619,0.8747828706498078
diabetes,HRSN + Covariates,28,State-Blocked (LOSO),59531,597,0.41130780886432816,0.3130296619844923,0.8157612841225226,0.8760607055674526
diabetes,HRSN + Covariates,29,State-Blocked (LOSO),54903,5225,0.38126261743185397,0.2951297252261053,0.807147384648625,0.8783352802866519
diabetes,HRSN + Covariates,30,State-Blocked (LOSO),57490,2638,0.3156608994167071,0.22241127875051814,0.898763805340256,0.8745583680672135
diabetes,HRSN + Covariates,31,State-Blocked (LOSO),59900,228,0.38884584170381514,0.24353119801738737,0.6965975738374186,0.8759228271999222
diabetes,HRSN + Covariates,32,State-Blocked (LOSO),56979,3149,0.37468896001166446,0.29621191303922,0.8803430679352061,0.8737294908555936
diabetes,HRSN + Covariates,33,State-Blocked (LOSO),58938,1190,0.3225601652348506,0.24236562751999924,0.8658254578602531,0.8756434804368105
diabetes,HRSN + Covariates,34,State-Blocked (LOSO),59882,246,0.32671315695047265,0.2645601689577805,0.7296400088641399,0.8758755321173558
diabetes,HRSN + Covariates,35,State-Blocked (LOSO),58827,1301,0.3371346594568701,0.2510715618097588,0.9101651870951226,0.8735143998277441
diabetes,HRSN + Covariates,36,State-Blocked (LOSO),59424,704,0.512350527496688,0.43256377326744855,0.12288602714282748,0.8767537881320087
diabetes,HRSN + Covariates,37,State-Blocked (LOSO),57971,2157,0.4056931140314964,0.3353111580094088,0.8361059723882436,0.8768384980424383
diabetes,HRSN + Covariates,38,State-Blocked (LOSO),59583,545,0.44531413306628814,0.3800078103779892,0.708708705885778,0.8754438635291004
diabetes,HRSN + Covariates,39,State-Blocked (LOSO),58605,1523,0.27078779064276787,0.18792521843603371,0.8986375486965805,0.8751879204238973
diabetes,SVI + Covariates,0,State-Blocked (LOSO),58701,1427,0.7031118316783411,0.5130947582352678,0.7023917645819613,0.7622578503246071
diabetes,SVI + Covariates,1,State-Blocked (LOSO),59955,173,0.4939847980909447,0.4029221053483285,0.46329673829591345,0.7647994659334956
diabetes,SVI + Covariates,2,State-Blocked (LOSO),58398,1730,0.5252206049973336,0.40593754955627115,0.6726719713221772,0.7666797813884024
diabetes,SVI + Covariates,3,State-Blocked (LOSO),59309,819,0.47705736960780165,0.35753043535139684,0.7872722525658873,0.7635675697005806
diabetes,SVI + Covariates,4,State-Blocked (LOSO),51108,9020,0.4269520664774181,0.3225944154830917,0.6777069578515751,0.7692953517486236
diabetes,SVI + Covariates,5,State-Blocked (LOSO),59256,872,0.49326200999528935,0.3917440365378472,0.579590161746459,0.7653438466049551
diabetes,SVI + Covariates,6,State-Blocked (LOSO),59872,256,0.3899171302112062,0.3031098834102751,0.6925723319322026,0.7647972601486153
diabetes,SVI + Covariates,7,State-Blocked (LOSO),59925,203,0.8333869448742475,0.6699665001631215,0.37577954491590937,0.7652201217063597
diabetes,SVI + Covariates,8,State-Blocked (LOSO),57349,2779,0.5347488449581076,0.4004733957255368,0.7610569371840394,0.7637072848473885
diabetes,SVI + Covariates,9,State-Blocked (LOSO),59712,416,0.5264636638690157,0.3786148441382219,0.5726794061138484,0.7655051748739274
diabetes,SVI + Covariates,10,State-Blocked (LOSO),59676,452,0.43960693650461946,0.33209419062279066,0.4295353331470424,0.7650505602614149
diabetes,SVI + Covariates,11,State-Blocked (LOSO),56872,3256,0.4142460294133465,0.2981583238040693,0.8258585730909704,0.7610983720647375
diabetes,SVI + Covariates,12,State-Blocked (LOSO),58447,1681,0.5442015289286672,0.42209749313179,0.6458866379128905,0.7666340893140603
diabetes,SVI + Covariates,13,State-Blocked (LOSO),59236,892,0.3420896020963759,0.24186481376043076,0.6841444950287183,0.7649995897660496
diabetes,SVI + Covariates,14,State-Blocked (LOSO),59313,815,0.41838972248929557,0.30685269203944504,0.6565589965374498,0.76537205833396
diabetes,SVI + Covariates,15,State-Blocked (LOSO),58766,1362,0.6465443417520933,0.48472833243026325,0.7463213038806009,0.7601279686440534
diabetes,SVI + Covariates,16,State-Blocked (LOSO),59728,400,0.3338249764485071,0.26065052589507326,0.7250980133018845,0.7647266300622468
diabetes,SVI + Covariates,17,State-Blocked (LOSO),58673,1455,0.416668680304328,0.3175294672201,0.7931310025722531,0.7640567447729181
diabetes,SVI + Covariates,18,State-Blocked (LOSO),58541,1587,0.4344826228562582,0.33611948652194784,0.6628320607142306,0.7634889591368869
diabetes,SVI + Covariates,19,State-Blocked (LOSO),57247,2881,0.4518228800537413,0.3252754574139666,0.8104534152905017,0.76206304315764
diabetes,SVI + Covariates,20,State-Blocked (LOSO),58631,1497,0.42267167984006326,0.3056705957649717,0.5683350718629008,0.7649604303320816
diabetes,SVI + Covariates,21,State-Blocked (LOSO),59259,869,0.6294729856558217,0.46596151483029263,0.7408056563192447,0.7614466462769682
diabetes,SVI + Covariates,22,State-Blocked (LOSO),58482,1646,0.4270852332786175,0.3135145167080711,0.7987160134274965,0.7637337098783328
diabetes,SVI + Covariates,23,State-Blocked (LOSO),59813,315,0.46571318293282027,0.36856549307538555,0.5217644328227269,0.7649906516719556
diabetes,SVI + Covariates,24,State-Blocked (LOSO),59581,547,0.3472770000750109,0.252562145678999,0.7413524373365964,0.7645133709884855
diabetes,SVI + Covariates,25,State-Blocked (LOSO),59360,768,0.45754837115191815,0.3728169473084823,0.6289760300598721,0.7656055062936846
diabetes,SVI + Covariates,26,State-Blocked (LOSO),59781,347,0.4014403343402183,0.32168794541358153,0.15144236961441526,0.7646314266273835
diabetes,SVI + Covariates,27,State-Blocked (LOSO),57968,2160,0.4503408840125941,0.34622428336163846,0.6817695125072889,0.7652395444909241
diabetes,SVI + Covariates,28,State-Blocked (LOSO),59531,597,0.5904685839070976,0.45058541948833924,0.6203000151625746,0.7656920812276609
diabetes,SVI + Covariates,29,State-Blocked (LOSO),54903,5225,0.5113053838457339,0.3982927833149125,0.6531531024689696,0.7701989542981318
diabetes,SVI + Covariates,30,State-Blocked (LOSO),57490,2638,0.4939684856900672,0.3662418703729685,0.7520907576098637,0.76514185683567
diabetes,SVI + Covariates,31,State-Blocked (LOSO),59900,228,0.4482952900513111,0.31186658911463244,0.5967331866734783,0.7647758377137497
diabetes,SVI + Covariates,32,State-Blocked (LOSO),56979,3149,0.5890156065767662,0.448270404121864,0.7043011241239554,0.7656400910334984
diabetes,SVI + Covariates,33,State-Blocked (LOSO),58938,1190,0.454271464504698,0.3417705535831999,0.7338787404686351,0.7647574122367834
diabetes,SVI + Covariates,34,State-Blocked (LOSO),59882,246,0.40252424689304317,0.3134374215072081,0.5896133094656313,0.7648527964902908
diabetes,SVI + Covariates,35,State-Blocked (LOSO),58827,1301,0.5497164927250294,0.40601172703992633,0.7611554170551437,0.7624978835474308
diabetes,SVI + Covariates,36,State-Blocked (LOSO),59424,704,0.46933087066787144,0.3501920013298249,0.2639964708790078,0.7637327683268853
diabetes,SVI + Covariates,37,State-Blocked (LOSO),57971,2157,0.5148580480142655,0.3941981564453915,0.7360371146862423,0.7655574062012933
diabetes,SVI + Covariates,38,State-Blocked (LOSO),59583,545,0.9094483522352546,0.8036754446461446,-0.21492824407924327,0.7683582320903367
diabetes,SVI + Covariates,39,State-Blocked (LOSO),58605,1523,0.4007506070400947,0.2661308313702607,0.777992664346713,0.7643190551796621
diabetes,HRSN + SVI + Covariates,0,State-Blocked (LOSO),58701,1427,0.4097585476079602,0.3086109421275195,0.8989230389389418,0.87576268178717
diabetes,HRSN + SVI + Covariates,1,State-Blocked (LOSO),59955,173,0.31647932597130224,0.23545796450357895,0.7797084917889836,0.8791753764757526
diabetes,HRSN + SVI + Covariates,2,State-Blocked (LOSO),58398,1730,0.3806361547815521,0.2967785847372025,0.8280826300222096,0.8801084223033286
diabetes,HRSN + SVI + Covariates,3,State-Blocked (LOSO),59309,819,0.3009507711975765,0.23323806628471386,0.9153408616385781,0.8782313243615332
diabetes,HRSN + SVI + Covariates,4,State-Blocked (LOSO),51108,9020,0.5741628943035041,0.49476498327404955,0.4171417675809791,0.8912448835239948
diabetes,HRSN + SVI + Covariates,5,State-Blocked (LOSO),59256,872,0.37623708261639377,0.30858092694761935,0.7554088548227241,0.8797193680571632
diabetes,HRSN + SVI + Covariates,6,State-Blocked (LOSO),59872,256,0.3260517660507525,0.2597127009343869,0.7850331791435209,0.8793684824770884
diabetes,HRSN + SVI + Covariates,7,State-Blocked (LOSO),59925,203,0.7941463248894989,0.7071163605887637,0.4331793404936968,0.8803502988612139
diabetes,HRSN + SVI + Covariates,8,State-Blocked (LOSO),57349,2779,0.401777244989702,0.3206071581370628,0.8651144619010267,0.878919490014763
diabetes,HRSN + SVI + Covariates,9,State-Blocked (LOSO),59712,416,0.732258258535416,0.6384014546459729,0.17330449467091325,0.8818963961573403
diabetes,HRSN + SVI + Covariates,10,State-Blocked (LOSO),59676,452,0.30342950658197626,0.232906488898832,0.7282213736565084,0.8793180462367539
diabetes,HRSN + SVI + Covariates,11,State-Blocked (LOSO),56872,3256,0.3491952080234373,0.25905431402593454,0.8762566296396614,0.8788623457104339
diabetes,HRSN + SVI + Covariates,12,State-Blocked (LOSO),58447,1681,0.3379454726489893,0.2700382099960078,0.8634423404171254,0.8791152362881346
diabetes,HRSN + SVI + Covariates,13,State-Blocked (LOSO),59236,892,0.23518985841039605,0.17178859767485635,0.8507047865506701,0.8792795899421846
diabetes,HRSN + SVI + Covariates,14,State-Blocked (LOSO),59313,815,0.24939240764880208,0.18325918904592925,0.8779728172764212,0.87916437844696
diabetes,HRSN + SVI + Covariates,15,State-Blocked (LOSO),58766,1362,0.3413953893504841,0.2609196124515977,0.9292701610462979,0.8745845705283779
diabetes,HRSN + SVI + Covariates,16,State-Blocked (LOSO),59728,400,0.4022651269245188,0.3375362417222486,0.6008234748478916,0.8798432465301461
diabetes,HRSN + SVI + Covariates,17,State-Blocked (LOSO),58673,1455,0.2938850059404492,0.2264883299997358,0.8970873993440266,0.878797804367972
diabetes,HRSN + SVI + Covariates,18,State-Blocked (LOSO),58541,1587,0.27587688893672413,0.21907685999492582,0.8640647506444217,0.8779461216458763
diabetes,HRSN + SVI + Covariates,19,State-Blocked (LOSO),57247,2881,0.5216344926715517,0.4231060525561014,0.7473541745751784,0.8849321816707082
diabetes,HRSN + SVI + Covariates,20,State-Blocked (LOSO),58631,1497,0.2627129250809188,0.202961034129077,0.8332356002125585,0.8787624101834631
diabetes,HRSN + SVI + Covariates,21,State-Blocked (LOSO),59259,869,0.8136774424760982,0.7060848312491219,0.5669122708812945,0.882865205201506
diabetes,HRSN + SVI + Covariates,22,State-Blocked (LOSO),58482,1646,0.37129572453048193,0.30288776246057275,0.847868197594936,0.8796309206590526
diabetes,HRSN + SVI + Covariates,23,State-Blocked (LOSO),59813,315,0.3440789597300342,0.2373015847284831,0.7389515962805799,0.8793825697745276
diabetes,HRSN + SVI + Covariates,24,State-Blocked (LOSO),59581,547,0.36585971021586033,0.2886588502210227,0.7129315133054609,0.879735564724018
diabetes,HRSN + SVI + Covariates,25,State-Blocked (LOSO),59360,768,0.2610230612692319,0.2102383094477982,0.8792504006846124,0.8791676540664981
diabetes,HRSN + SVI + Covariates,26,State-Blocked (LOSO),59781,347,0.3352402505214437,0.28612701569042537,0.4082317712231448,0.8793302959758151
diabetes,HRSN + SVI + Covariates,27,State-Blocked (LOSO),57968,2160,0.27058078099008936,0.21229425341425978,0.8851177523061469,0.8783049299435423
diabetes,HRSN + SVI + Covariates,28,State-Blocked (LOSO),59531,597,0.38973700048697457,0.3070557188874135,0.8345791435380134,0.8794144117938828
diabetes,HRSN + SVI + Covariates,29,State-Blocked (LOSO),54903,5225,0.36528348494659035,0.2816120880552087,0.8229739586498988,0.8811077839506699
diabetes,HRSN + SVI + Covariates,30,State-Blocked (LOSO),57490,2638,0.315864710928856,0.2298764179434533,0.8986330335975271,0.8781755701176107
diabetes,HRSN + SVI + Covariates,31,State-Blocked (LOSO),59900,228,0.3539285413707267,0.2272899648286193,0.7486404999808491,0.8793202446181562
diabetes,HRSN + SVI + Covariates,32,State-Blocked (LOSO),56979,3149,0.3794172911039799,0.30326113209462263,0.8773040274202233,0.877676585435814
diabetes,HRSN + SVI + Covariates,33,State-Blocked (LOSO),58938,1190,0.32322683311844413,0.24291534691164157,0.8652702603792957,0.8791861876048447
diabetes,HRSN + SVI + Covariates,34,State-Blocked (LOSO),59882,246,0.34061585301019354,0.2781472542945758,0.7061410723271838,0.8794064771350956
diabetes,HRSN + SVI + Covariates,35,State-Blocked (LOSO),58827,1301,0.3413399588442624,0.2556421701991761,0.9079100736868552,0.8771912544097937
diabetes,HRSN + SVI + Covariates,36,State-Blocked (LOSO),59424,704,0.5091613965869012,0.4266037891140819,0.1337712529237861,0.8802540509445649
diabetes,HRSN + SVI + Covariates,37,State-Blocked (LOSO),57971,2157,0.3840279449889596,0.31211869840075723,0.853143385596099,0.8798315487153564
diabetes,HRSN + SVI + Covariates,38,State-Blocked (LOSO),59583,545,0.48377225739731916,0.42253732954797923,0.656223277630769,0.8792623808714458
diabetes,HRSN + SVI + Covariates,39,State-Blocked (LOSO),58605,1523,0.26256716484737064,0.18298565786559198,0.9046984911574927,0.8786295644243076
diabetes,Covariates Only,0,State-Blocked (LOSO),58701,1427,0.7072905796116914,0.5151711831409266,0.6988437503830098,0.7456281738080688
diabetes,Covariates Only,1,State-Blocked (LOSO),59955,173,0.49782876415971405,0.40443508499639486,0.45491147595592507,0.7489582194548157
diabetes,Covariates Only,2,State-Blocked (LOSO),58398,1730,0.5584963157977748,0.42336448446434,0.6298819129150803,0.7514775886427858
diabetes,Covariates Only,3,State-Blocked (LOSO),59309,819,0.49113744671511794,0.3643699285299931,0.7745298679646158,0.7476544220909341
diabetes,Covariates Only,4,State-Blocked (LOSO),51108,9020,0.43348895464980525,0.3233002921625842,0.6677624143367559,0.7537590712922441
diabetes,Covariates Only,5,State-Blocked (LOSO),59256,872,0.48942490977851955,0.3885057087841559,0.5861054832559407,0.7492821209270846
diabetes,Covariates Only,6,State-Blocked (LOSO),59872,256,0.4060304168766572,0.30629358389103856,0.6666384874509357,0.7490008789614973
diabetes,Covariates Only,7,State-Blocked (LOSO),59925,203,0.9024539695490196,0.7479319170602111,0.26802756019185703,0.7496906098211285
diabetes,Covariates Only,8,State-Blocked (LOSO),57349,2779,0.5559959325991538,0.4173974970138681,0.7416919476111914,0.7480242179357004
diabetes,Covariates Only,9,State-Blocked (LOSO),59712,416,0.6000277636393561,0.4470740339528596,0.4449147190964473,0.7502056731399861
diabetes,Covariates Only,10,State-Blocked (LOSO),59676,452,0.45681936876920626,0.33995513094308033,0.38398867535931525,0.7492789293383912
diabetes,Covariates Only,11,State-Blocked (LOSO),56872,3256,0.43032002964969623,0.30873577779403877,0.8120819434090917,0.745166703771893
diabetes,Covariates Only,12,State-Blocked (LOSO),58447,1681,0.5486197925219568,0.41144516763471933,0.6401133451441279,0.7505688015039801
diabetes,Covariates Only,13,State-Blocked (LOSO),59236,892,0.3530398360502629,0.24433764153739526,0.663599890692646,0.7492020687106666
diabetes,Covariates Only,14,State-Blocked (LOSO),59313,815,0.43175117973793364,0.3084826362756942,0.634272855899024,0.7495987160492188
diabetes,Covariates Only,15,State-Blocked (LOSO),58766,1362,0.6508559958247241,0.490610036304353,0.7429265735352579,0.7434980872665697
diabetes,Covariates Only,16,State-Blocked (LOSO),59728,400,0.35809530461661243,0.28849807298466634,0.6836721151075383,0.7489750686278103
diabetes,Covariates Only,17,State-Blocked (LOSO),58673,1455,0.4385812084606609,0.3344950772616569,0.7708004634146797,0.7483686542768992
diabetes,Covariates Only,18,State-Blocked (LOSO),58541,1587,0.4289353308850979,0.3345061810711912,0.6713867363727448,0.7471323420561349
diabetes,Covariates Only,19,State-Blocked (LOSO),57247,2881,0.4624905181064969,0.3348843352585828,0.8013972804505491,0.745856609050935
diabetes,Covariates Only,20,State-Blocked (LOSO),58631,1497,0.42976442350804084,0.31698054167288,0.5537262038726318,0.7490168250244515
diabetes,Covariates Only,21,State-Blocked (LOSO),59259,869,0.6332278070436796,0.4713370978044592,0.7377042328967203,0.745094791220847
diabetes,Covariates Only,22,State-Blocked (LOSO),58482,1646,0.42942742708032433,0.30970673471642385,0.7965022218639295,0.7475777169298976
diabetes,Covariates Only,23,State-Blocked (LOSO),59813,315,0.5305783402550521,0.4341461417696898,0.37926841761743146,0.7494600977171189
diabetes,Covariates Only,24,State-Blocked (LOSO),59581,547,0.3546510930766699,0.2503010716572821,0.7302515528669005,0.7486600460720305
diabetes,Covariates Only,25,State-Blocked (LOSO),59360,768,0.4292639750105655,0.34390057087953774,0.6734295937595667,0.7493704872612161
diabetes,Covariates Only,26,State-Blocked (LOSO),59781,347,0.4479306395314755,0.3753410542719142,-0.05647900818040763,0.7489776058880906
diabetes,Covariates Only,27,State-Blocked (LOSO),57968,2160,0.45551968934851117,0.353051455976165,0.6744082894673606,0.7491520171253436
diabetes,Covariates Only,28,State-Blocked (LOSO),59531,597,0.6238582873071282,0.46308365032350984,0.5761434630515488,0.7501244674984294
diabetes,Covariates Only,29,State-Blocked (LOSO),54903,5225,0.5411342871524399,0.42390600967488345,0.6115034310757851,0.7562376405697768
diabetes,Covariates Only,30,State-Blocked (LOSO),57490,2638,0.5096656166106271,0.36817627459152025,0.7360844955453361,0.7493565981798307
diabetes,Covariates Only,31,State-Blocked (LOSO),59900,228,0.5263262898930056,0.3810765003886648,0.4441286915860676,0.7492047219333529
diabetes,Covariates Only,32,State-Blocked (LOSO),56979,3149,0.5874872972371498,0.432805301540389,0.7058336236188057,0.7486323531523037
diabetes,Covariates Only,33,State-Blocked (LOSO),58938,1190,0.5140290866421114,0.39499658166344487,0.6592592733966405,0.7498191695061265
diabetes,Covariates Only,34,State-Blocked (LOSO),59882,246,0.396487931615383,0.3049262455067396,0.6018294631885559,0.7489847186135479
diabetes,Covariates Only,35,State-Blocked (LOSO),58827,1301,0.5527500318266712,0.40794543199992245,0.7585120780131145,0.746168540168725
diabetes,Covariates Only,36,State-Blocked (LOSO),59424,704,0.484872045768026,0.35428298438798655,0.21444617553376644,0.7478504579745958
diabetes,Covariates Only,37,State-Blocked (LOSO),57971,2157,0.5463003171538585,0.41418252248379506,0.7028123481371059,0.7503744954060914
diabetes,Covariates Only,38,State-Blocked (LOSO),59583,545,0.878692212270115,0.7616420293776128,-0.1341437458869934,0.751836592048399
diabetes,Covariates Only,39,State-Blocked (LOSO),58605,1523,0.4239932781308496,0.2795763720644431,0.7514939936678964,0.7486896225597354
depression,HRSN + Covariates,0,State-Blocked (LOSO),58701,1427,0.3940384667907053,0.30729447835694745,0.5837009410588436,0.6204246697001025
depression,HRSN + Covariates,1,State-Blocked (LOSO),59955,173,0.6718957564736329,0.5737715105500792,-1.812969223271517,0.6224629644598394
depression,HRSN + Covariates,2,State-Blocked (LOSO),58398,1730,0.42248448261508537,0.36377457790397744,0.5182412796534632,0.618643135846938
depression,HRSN + Covariates,3,State-Blocked (LOSO),59309,819,0.7710733893625249,0.7233740716050122,-1.1145086716964205,0.6250005836305434
depression,HRSN + Covariates,4,State-Blocked (LOSO),51108,9020,0.6714565205837475,0.5470267717619532,-0.04617791671757887,0.6293378565784113
depression,HRSN + Covariates,5,State-Blocked (LOSO),59256,872,0.43777383195103214,0.37593581398005205,0.4966894349514065,0.6213809255792166
depression,HRSN + Covariates,6,State-Blocked (LOSO),59872,256,0.2672047880303348,0.20884518246770956,0.7135951056574793,0.6213022048302889
depression,HRSN + Covariates,7,State-Blocked (LOSO),59925,203,0.3864821695851955,0.28794377943706495,0.4797800486515452,0.6215790544134874
depression,HRSN + Covariates,8,State-Blocked (LOSO),57349,2779,1.1438197835287396,1.091945131735875,-2.5340607585137773,0.6579889724614718
depression,HRSN + Covariates,9,State-Blocked (LOSO),59712,416,0.57366338817092,0.49935396168135454,0.3937174680510842,0.6161838928865226
depression,HRSN + Covariates,10,State-Blocked (LOSO),59676,452,0.47178495686948496,0.3817100654990613,0.3354172546852313,0.6216257403325429
depression,HRSN + Covariates,11,State-Blocked (LOSO),56872,3256,0.4083581811957167,0.3308053757244971,0.5608700505545898,0.617666249378493
depression,HRSN + Covariates,12,State-Blocked (LOSO),58447,1681,0.6552257050052602,0.563464276731018,0.10091550694271278,0.6189593336199075
depression,HRSN + Covariates,13,State-Blocked (LOSO),59236,892,0.8139269837107439,0.7464381513267796,-2.3310693955709936,0.6293176249545693
depression,HRSN + Covariates,14,State-Blocked (LOSO),59313,815,0.7465394159824242,0.6516066768052686,-0.4897736007819238,0.6263575575929425
depression,HRSN + Covariates,15,State-Blocked (LOSO),58766,1362,1.3077780964915988,1.2154827050769301,-3.8384458488101183,0.6417303027999364
depression,HRSN + Covariates,16,State-Blocked (LOSO),59728,400,0.6043900530615605,0.5173971116201043,-0.1805281613852796,0.6188820795337336
depression,HRSN + Covariates,17,State-Blocked (LOSO),58673,1455,0.4292622845884975,0.34584813452594226,0.7362976853643988,0.6171204057724349
depression,HRSN + Covariates,18,State-Blocked (LOSO),58541,1587,0.4764349044113899,0.39418898148375725,0.30741064796866413,0.6205371399986963
depression,HRSN + Covariates,19,State-Blocked (LOSO),57247,2881,0.7210256263271865,0.6426275386409259,0.15461736603976917,0.6159609419922765
depression,HRSN + Covariates,20,State-Blocked (LOSO),58631,1497,0.7584126051465865,0.6177928502358407,-1.3094762069976698,0.6281742109172004
depression,HRSN + Covariates,21,State-Blocked (LOSO),59259,869,0.37549409043347326,0.29861435385756935,0.367110390622012,0.6201074278859466
depression,HRSN + Covariates,22,State-Blocked (LOSO),58482,1646,0.41947756507992917,0.32339767943710396,0.38198649464233014,0.6186501695766232
depression,HRSN + Covariates,23,State-Blocked (LOSO),59813,315,0.560513675521932,0.44807130388748856,0.13901629117717063,0.6213264844089827
depression,HRSN + Covariates,24,State-Blocked (LOSO),59581,547,1.2856189983706214,1.1851623729338154,-6.4842673867395275,0.6322458957129824
depression,HRSN + Covariates,25,State-Blocked (LOSO),59360,768,0.5344201158117753,0.48292844267825047,-0.803170954263934,0.6238218422474853
depression,HRSN + Covariates,26,State-Blocked (LOSO),59781,347,0.36463868853155196,0.2804353714086328,0.4972830503614689,0.6215127830291147
depression,HRSN + Covariates,27,State-Blocked (LOSO),57968,2160,1.1535166976723392,1.0784471098373047,-3.928456211888215,0.6235866185081975
depression,HRSN + Covariates,28,State-Blocked (LOSO),59531,597,0.5978321476650404,0.47557005268065367,-0.14686450221382175,0.6232803397275452
depression,HRSN + Covariates,29,State-Blocked (LOSO),54903,5225,0.6985116875447874,0.5869984866450558,0.27158353659664525,0.5905303017506658
depression,HRSN + Covariates,30,State-Blocked (LOSO),57490,2638,0.6453588224850143,0.5860406417490243,-0.5328415784516203,0.6275250995732289
depression,HRSN + Covariates,31,State-Blocked (LOSO),59900,228,0.5898724644408169,0.5204427787837681,-0.19332924911764993,0.6222850268877211
depression,HRSN + Covariates,32,State-Blocked (LOSO),56979,3149,0.4496109225855882,0.32056287483789664,0.524778107428458,0.6030354692522502
depression,HRSN + Covariates,33,State-Blocked (LOSO),58938,1190,0.7114473835825786,0.6020205138785311,-0.9997041380354161,0.6223280713587441
depression,HRSN + Covariates,34,State-Blocked (LOSO),59882,246,0.23277309194006826,0.17963684765001572,0.7153116304871823,0.6211535067114635
depression,HRSN + Covariates,35,State-Blocked (LOSO),58827,1301,0.7672891339844952,0.6911724023638824,-0.6219943205543803,0.6296939125942265
depression,HRSN + Covariates,36,State-Blocked (LOSO),59424,704,0.9253032021990981,0.770167988314801,-1.6509709489933648,0.6211439215959419
depression,HRSN + Covariates,37,State-Blocked (LOSO),57971,2157,0.3997771248732331,0.2984745640381049,0.6132204556496326,0.6213252813861647
depression,HRSN + Covariates,38,State-Blocked (LOSO),59583,545,0.8908213662282383,0.8421652205118155,-1.6585193990235485,0.6093123880867974
depression,HRSN + Covariates,39,State-Blocked (LOSO),58605,1523,0.38723361233611975,0.307427371472629,0.43433534758768866,0.6214807526556905
depression,SVI + Covariates,0,State-Blocked (LOSO),58701,1427,0.3938832755122258,0.30421870796757555,0.5840287936222901,0.46604670694571726
depression,SVI + Covariates,1,State-Blocked (LOSO),59955,173,0.5757108576246519,0.4501797153431656,-1.0652376053254962,0.4694702374068438
depression,SVI + Covariates,2,State-Blocked (LOSO),58398,1730,0.607043178630847,0.5304632153378216,0.005402813620964286,0.4687043538167025
depression,SVI + Covariates,3,State-Blocked (LOSO),59309,819,0.44177752889946303,0.36239080747224994,0.30589482391001066,0.46598703149407905
depression,SVI + Covariates,4,State-Blocked (LOSO),51108,9020,0.5993955741394291,0.5069535869051868,0.166324918147581,0.46365336533635904
depression,SVI + Covariates,5,State-Blocked (LOSO),59256,872,0.5175336047186234,0.4006469519072822,0.29658186524513186,0.4687643114109534
depression,SVI + Covariates,6,State-Blocked (LOSO),59872,256,0.3186650302785375,0.2532119018139937,0.5926565117081282,0.46868007266978895
depression,SVI + Covariates,7,State-Blocked (LOSO),59925,203,0.7293718121628859,0.6521917626313729,-0.8527892816421172,0.4701196915284115
depression,SVI + Covariates,8,State-Blocked (LOSO),57349,2779,0.7631429491313346,0.6774517140851022,-0.5731516716350193,0.4729198388913237
depression,SVI + Covariates,9,State-Blocked (LOSO),59712,416,0.9927430058517672,0.8594537967510878,-0.8156597262532084,0.46475198204878365
depression,SVI + Covariates,10,State-Blocked (LOSO),59676,452,0.5171415321812947,0.41915620791131464,0.2014911773669038,0.46879770828693956
depression,SVI + Covariates,11,State-Blocked (LOSO),56872,3256,0.5641552446911576,0.47780064979477044,0.16187692832309275,0.468108749428535
depression,SVI + Covariates,12,State-Blocked (LOSO),58447,1681,0.6004867864756805,0.4713994213297969,0.24486332325897686,0.4595758576139606
depression,SVI + Covariates,13,State-Blocked (LOSO),59236,892,0.9954188201797731,0.9097375881558163,-3.9822381425494306,0.48084516137911126
depression,SVI + Covariates,14,State-Blocked (LOSO),59313,815,0.7693693339665403,0.6698355197370597,-0.5822843503656456,0.4736459957726742
depression,SVI + Covariates,15,State-Blocked (LOSO),58766,1362,1.1628021566608544,1.053401370961845,-2.8251583958061954,0.4756476657610724
depression,SVI + Covariates,16,State-Blocked (LOSO),59728,400,0.8076349057617228,0.705304519840438,-1.10800626248398,0.46632265520841776
depression,SVI + Covariates,17,State-Blocked (LOSO),58673,1455,0.4832058721580491,0.378118419146758,0.6658566030425587,0.4622208493024528
depression,SVI + Covariates,18,State-Blocked (LOSO),58541,1587,0.7915211825161108,0.6825203217373811,-0.9115856066812178,0.4758490596427384
depression,SVI + Covariates,19,State-Blocked (LOSO),57247,2881,0.824145645389884,0.7126351962906383,-0.1044850907297541,0.45909823386408066
depression,SVI + Covariates,20,State-Blocked (LOSO),58631,1497,0.7023327256551141,0.5428048536782368,-0.9805609752161832,0.4713607797179067
depression,SVI + Covariates,21,State-Blocked (LOSO),59259,869,0.9739645551897147,0.8964578017680026,-3.2580235309823875,0.4775279602584871
depression,SVI + Covariates,22,State-Blocked (LOSO),58482,1646,0.46597211149281764,0.36216087188081825,0.23739378786348886,0.46416032683521435
depression,SVI + Covariates,23,State-Blocked (LOSO),59813,315,0.5542763906430513,0.45205332045926083,0.15807138880596439,0.4680097508772416
depression,SVI + Covariates,24,State-Blocked (LOSO),59581,547,1.4372060212817737,1.3511686614515637,-8.353255279353306,0.48209741615832746
depression,SVI + Covariates,25,State-Blocked (LOSO),59360,768,0.2896814212671134,0.23018681571531543,0.4701992184173015,0.4684021192058879
depression,SVI + Covariates,26,State-Blocked (LOSO),59781,347,0.36791683036104267,0.2942143484765023,0.4882034586330565,0.4686745285975358
depression,SVI + Covariates,27,State-Blocked (LOSO),57968,2160,1.3687052995322269,1.3201596489964333,-5.938778576357126,0.4750141034407257
depression,SVI + Covariates,28,State-Blocked (LOSO),59531,597,1.042543059620123,0.9177002525879814,-2.4877197740353245,0.4769382639286458
depression,SVI + Covariates,29,State-Blocked (LOSO),54903,5225,1.116078213939744,1.004360005959517,-0.8596090887063745,0.4837632124551987
depression,SVI + Covariates,30,State-Blocked (LOSO),57490,2638,0.6888447839801466,0.6069928857975044,-0.7463750478481084,0.47350137598140407
depression,SVI + Covariates,31,State-Blocked (LOSO),59900,228,0.9414496833285367,0.8300533543111742,-2.0397527905926753,0.47155193630358516
depression,SVI + Covariates,32,State-Blocked (LOSO),56979,3149,0.6566948913346037,0.5422097675408408,-0.013794681952138843,0.45144419460629526
depression,SVI + Covariates,33,State-Blocked (LOSO),58938,1190,0.8103166027816254,0.7118213556815339,-1.594117520714042,0.46916890240468156
depression,SVI + Covariates,34,State-Blocked (LOSO),59882,246,0.48061542739105,0.39643645332592203,-0.21366712649970787,0.4690982896463791
depression,SVI + Covariates,35,State-Blocked (LOSO),58827,1301,0.3967576179233064,0.313484890284725,0.5663076300352217,0.4678388902794539
depression,SVI + Covariates,36,State-Blocked (LOSO),59424,704,1.0867422862610316,0.9397207233599022,-2.6567053796455813,0.46865427006573446
depression,SVI + Covariates,37,State-Blocked (LOSO),57971,2157,0.4055650719303862,0.3193787442223613,0.6019398446878429,0.4667182444679169
depression,SVI + Covariates,38,State-Blocked (LOSO),59583,545,1.3595812848473883,1.3101193976914238,-5.192541691405572,0.45920309784134516
depression,SVI + Covariates,39,State-Blocked (LOSO),58605,1523,0.4362340802897223,0.3561688976026464,0.28211954615854196,0.46839407176853476
depression,HRSN + SVI + Covariates,0,State-Blocked (LOSO),58701,1427,0.38249556405411617,0.29340236100526634,0.6077337048106329,0.6408235706206828
depression,HRSN + SVI + Covariates,1,State-Blocked (LOSO),59955,173,0.5161361515740651,0.4049178594746911,-0.6599298804757314,0.6422883921100131
depression,HRSN + SVI + Covariates,2,State-Blocked (LOSO),58398,1730,0.45066646072975275,0.39731312281426817,0.45182586925728274,0.6398828499843784
depression,HRSN + SVI + Covariates,3,State-Blocked (LOSO),59309,819,0.6775699710179368,0.6189942458642167,-0.6327749943094279,0.6438311892593263
depression,HRSN + SVI + Covariates,4,State-Blocked (LOSO),51108,9020,0.6339862782700141,0.5207385521166309,0.06732685136735583,0.6453383639203285
depression,HRSN + SVI + Covariates,5,State-Blocked (LOSO),59256,872,0.47924449143400094,0.3979997617727788,0.3968147536980178,0.6423904603271582
depression,HRSN + SVI + Covariates,6,State-Blocked (LOSO),59872,256,0.26613648935123724,0.2108949592976052,0.7158806510521581,0.6416520918795153
depression,HRSN + SVI + Covariates,7,State-Blocked (LOSO),59925,203,0.3724194311258126,0.2881901177587982,0.516949268681286,0.6418906309606517
depression,HRSN + SVI + Covariates,8,State-Blocked (LOSO),57349,2779,1.1131208540367876,1.0588509515542937,-2.3469054406357066,0.6756493176763503
depression,HRSN + SVI + Covariates,9,State-Blocked (LOSO),59712,416,0.41114975810816556,0.3192173696198092,0.6885696982327105,0.6359481034660955
depression,HRSN + SVI + Covariates,10,State-Blocked (LOSO),59676,452,0.49304542818812747,0.3915267923900401,0.27417026560839164,0.6421854310310506
depression,HRSN + SVI + Covariates,11,State-Blocked (LOSO),56872,3256,0.4268903003995912,0.34629881767240955,0.520108441816199,0.6393367312103795
depression,HRSN + SVI + Covariates,12,State-Blocked (LOSO),58447,1681,0.5942419335516556,0.4951506864911038,0.2604879687357917,0.6381038685299993
depression,HRSN + SVI + Covariates,13,State-Blocked (LOSO),59236,892,0.9235923115532553,0.8555819631400357,-3.289171434681168,0.6522127383423961
depression,HRSN + SVI + Covariates,14,State-Blocked (LOSO),59313,815,0.7225980458481841,0.6243364333362671,-0.39575230704385933,0.646370072840933
depression,HRSN + SVI + Covariates,15,State-Blocked (LOSO),58766,1362,1.2113576352598143,1.1192686769777669,-3.151284791857413,0.6572541488632255
depression,HRSN + SVI + Covariates,16,State-Blocked (LOSO),59728,400,0.4674699189844422,0.38542971725899977,0.293765263104387,0.6385589116528003
depression,HRSN + SVI + Covariates,17,State-Blocked (LOSO),58673,1455,0.40930665921693793,0.31727554623645043,0.760245869749629,0.6374974702729053
depression,HRSN + SVI + Covariates,18,State-Blocked (LOSO),58541,1587,0.4444964608091704,0.36600791576060954,0.39715552798386367,0.6404623931132614
depression,HRSN + SVI + Covariates,19,State-Blocked (LOSO),57247,2881,0.6929266586628193,0.6081129586043537,0.2192239888765254,0.6360606633235717
depression,HRSN + SVI + Covariates,20,State-Blocked (LOSO),58631,1497,0.7681575121504631,0.6262085865839683,-1.369206805033436,0.6491813504608581
depression,HRSN + SVI + Covariates,21,State-Blocked (LOSO),59259,869,0.4981238327368204,0.4082012372163667,-0.11377225450535566,0.6419029905232032
depression,HRSN + SVI + Covariates,22,State-Blocked (LOSO),58482,1646,0.42661223719778185,0.32783516149379494,0.36078478078068976,0.6395670292901852
depression,HRSN + SVI + Covariates,23,State-Blocked (LOSO),59813,315,0.5263010023641957,0.41915319758440106,0.24091413901477687,0.6415541025992462
depression,HRSN + SVI + Covariates,24,State-Blocked (LOSO),59581,547,1.2852979385808028,1.186996443391739,-6.480529736195488,0.65275633692165
depression,HRSN + SVI + Covariates,25,State-Blocked (LOSO),59360,768,0.4992846888644062,0.44069322137426825,-0.5738661892571448,0.6437555014434415
depression,HRSN + SVI + Covariates,26,State-Blocked (LOSO),59781,347,0.30486070697858075,0.24259503894895,0.6486006600906767,0.641649532914057
depression,HRSN + SVI + Covariates,27,State-Blocked (LOSO),57968,2160,1.1307894984207965,1.063698990012199,-3.7361632590317324,0.6443231738256807
depression,HRSN + SVI + Covariates,28,State-Blocked (LOSO),59531,597,0.5599683831312148,0.4599694450211037,-0.006191383533475925,0.643272736424984
depression,HRSN + SVI + Covariates,29,State-Blocked (LOSO),54903,5225,0.7175519999141179,0.613550444040413,0.23133137070549048,0.6162919378792824
depression,HRSN + SVI + Covariates,30,State-Blocked (LOSO),57490,2638,0.6595951261121485,0.5999008581337715,-0.6012149816464052,0.6488438701801165
depression,HRSN + SVI + Covariates,31,State-Blocked (LOSO),59900,228,0.5813166244385178,0.5032932291981789,-0.1589628752309573,0.6426006688051739
depression,HRSN + SVI + Covariates,32,State-Blocked (LOSO),56979,3149,0.42890019675548596,0.31502373317935967,0.5675506744431377,0.6242176239121463
depression,HRSN + SVI + Covariates,33,State-Blocked (LOSO),58938,1190,0.7792371709144896,0.6903661687117496,-1.3989405972938758,0.6448592691769301
depression,HRSN + SVI + Covariates,34,State-Blocked (LOSO),59882,246,0.27672224526605177,0.2130152235618932,0.5976608260558747,0.6415989770431134
depression,HRSN + SVI + Covariates,35,State-Blocked (LOSO),58827,1301,0.7739023049711455,0.6938415006274704,-0.6500743509091718,0.6503653184886051
depression,HRSN + SVI + Covariates,36,State-Blocked (LOSO),59424,704,0.9553388611514764,0.7984570405535139,-1.8258670581920944,0.6426136412279964
depression,HRSN + SVI + Covariates,37,State-Blocked (LOSO),57971,2157,0.35337458808175043,0.26069087360285653,0.6977973645882141,0.6407938858270374
depression,HRSN + SVI + Covariates,38,State-Blocked (LOSO),59583,545,0.7549723610825775,0.6947423694100985,-0.9095045133918389,0.6287151538791198
depression,HRSN + SVI + Covariates,39,State-Blocked (LOSO),58605,1523,0.3988103706395766,0.3229147744522118,0.40000748524742624,0.6422324465877605
depression,Covariates Only,0,State-Blocked (LOSO),58701,1427,0.395759869861485,0.30610356181152104,0.5800556939334053,0.40407494136162314
depression,Covariates Only,1,State-Blocked (LOSO),59955,173,0.9858907212829876,0.8345390038199063,-5.056458458178473,0.41001647112711626
depression,Covariates Only,2,State-Blocked (LOSO),58398,1730,0.6512912363751774,0.5650229776995036,-0.1448762036981801,0.40783332627365054
depression,Covariates Only,3,State-Blocked (LOSO),59309,819,0.4239182969564917,0.34748784820828427,0.3608800659203386,0.40388440010143023
depression,Covariates Only,4,State-Blocked (LOSO),51108,9020,0.680740869184047,0.5525776340874314,-0.07530931218879,0.4155784894560992
depression,Covariates Only,5,State-Blocked (LOSO),59256,872,0.46991502780833383,0.36160113746935335,0.42007060995449574,0.4063841301423995
depression,Covariates Only,6,State-Blocked (LOSO),59872,256,0.2971695474950684,0.22872275286654606,0.6457575773923682,0.4073020017620399
depression,Covariates Only,7,State-Blocked (LOSO),59925,203,0.8165298977476525,0.7416897662604115,-1.3220537149232254,0.4092646349296718
depression,Covariates Only,8,State-Blocked (LOSO),57349,2779,0.7315916080986584,0.6354468666973878,-0.44576009806300854,0.4074580506256408
depression,Covariates Only,9,State-Blocked (LOSO),59712,416,1.8424089002197523,1.6872199362165063,-5.253639387207807,0.4197455677252019
depression,Covariates Only,10,State-Blocked (LOSO),59676,452,0.5139578747602854,0.4215530245983991,0.21129256915594918,0.40728179095329897
depression,Covariates Only,11,State-Blocked (LOSO),56872,3256,0.5453188022588839,0.4415177382533784,0.2169103564172412,0.4038408163082535
depression,Covariates Only,12,State-Blocked (LOSO),58447,1681,0.6466317371828388,0.5309370266885878,0.12434569676197127,0.3976329022843913
depression,Covariates Only,13,State-Blocked (LOSO),59236,892,0.8833850114546318,0.807166901318729,-2.9238539987540566,0.4164613937059013
depression,Covariates Only,14,State-Blocked (LOSO),59313,815,0.7010448306711133,0.6101737029942611,-0.31373076821031876,0.4106986380677766
depression,Covariates Only,15,State-Blocked (LOSO),58766,1362,1.184900191481475,1.0691597611485946,-2.9719274360422636,0.41288274468491615
depression,Covariates Only,16,State-Blocked (LOSO),59728,400,0.9834429516643581,0.9132555608319071,-2.1256480845180112,0.40638788246948465
depression,Covariates Only,17,State-Blocked (LOSO),58673,1455,0.5051393163487997,0.38903380569791474,0.6348335908957569,0.400077097692472
depression,Covariates Only,18,State-Blocked (LOSO),58541,1587,0.8193896110508365,0.7166815247305831,-1.0485641803424963,0.41474012653785475
depression,Covariates Only,19,State-Blocked (LOSO),57247,2881,0.8776625285243244,0.7809789317427069,-0.2525845041446486,0.39729600454185143
depression,Covariates Only,20,State-Blocked (LOSO),58631,1497,0.7008221527197953,0.5253850676996701,-0.9720505802317896,0.40891755785579875
depression,Covariates Only,21,State-Blocked (LOSO),59259,869,0.9315348744726797,0.8588289739540285,-2.8951123575682294,0.4146140987650797
depression,Covariates Only,22,State-Blocked (LOSO),58482,1646,0.47200920296270527,0.3578889174117523,0.2175052694453221,0.40181349704425895
depression,Covariates Only,23,State-Blocked (LOSO),59813,315,0.5452495255371673,0.42276745364302926,0.18527113995712263,0.4064233816166255
depression,Covariates Only,24,State-Blocked (LOSO),59581,547,1.3458380031654833,1.2632065982239673,-7.201821376444499,0.4179946148785071
depression,Covariates Only,25,State-Blocked (LOSO),59360,768,0.3469182150744098,0.2706759310180158,0.2401541148685613,0.4074384603188915
depression,Covariates Only,26,State-Blocked (LOSO),59781,347,0.3446977264871921,0.24938777902821896,0.5507636661303061,0.4072185396260496
depression,Covariates Only,27,State-Blocked (LOSO),57968,2160,1.3890228591292677,1.3181893328035066,-6.146311080903208,0.40852518864158005
depression,Covariates Only,28,State-Blocked (LOSO),59531,597,1.0531083920740083,0.9394747907903517,-2.558768419178238,0.4156606188512182
depression,Covariates Only,29,State-Blocked (LOSO),54903,5225,1.1587947333326694,0.992425673618447,-1.00468169161991,0.42231512024477336
depression,Covariates Only,30,State-Blocked (LOSO),57490,2638,0.7235300174949505,0.6487651469348731,-0.9266724015324674,0.4126964593697511
depression,Covariates Only,31,State-Blocked (LOSO),59900,228,0.9409198373442521,0.8348926389878304,-2.036332219920908,0.4102327867258314
depression,Covariates Only,32,State-Blocked (LOSO),56979,3149,0.7069908638636007,0.6112610071264123,-0.1750337381179079,0.38904388748162777
depression,Covariates Only,33,State-Blocked (LOSO),58938,1190,0.6533589736256071,0.5255913691855475,-0.6864904756488917,0.4022339620573959
depression,Covariates Only,34,State-Blocked (LOSO),59882,246,0.505462134039818,0.42881331077133134,-0.3423984052259619,0.4078650600268474
depression,Covariates Only,35,State-Blocked (LOSO),58827,1301,0.39154557979671367,0.3069694704307372,0.577627256751647,0.4059864651024264
depression,Covariates Only,36,State-Blocked (LOSO),59424,704,1.1385952958929804,1.0226102781211401,-3.013983737260155,0.40710271056669667
depression,Covariates Only,37,State-Blocked (LOSO),57971,2157,0.4297269495399724,0.3399447917803433,0.5530974858385307,0.4053074537623407
depression,Covariates Only,38,State-Blocked (LOSO),59583,545,1.53663788479954,1.499302275160823,-6.910458494552315,0.39968852413246725
depression,Covariates Only,39,State-Blocked (LOSO),58605,1523,0.41316293268612736,0.3182885257122286,0.35604480828731344,0.406058278875023
casthma,HRSN + Covariates,0,State-Blocked (LOSO),58701,1427,0.5710923590630643,0.479331130816565,0.45056999760242167,0.7303687499352398
casthma,HRSN + Covariates,1,State-Blocked (LOSO),59955,173,0.44556324445245155,0.3094464398492374,0.6663235783008616,0.7271155602603179
casthma,HRSN + Covariates,2,State-Blocked (LOSO),58398,1730,0.8493180611209713,0.7024676133131886,0.019684977100938306,0.7385366677869474
casthma,HRSN + Covariates,3,State-Blocked (LOSO),59309,819,0.3408063733829027,0.2465749137822428,0.7320238009913071,0.7270178095377363
casthma,HRSN + Covariates,4,State-Blocked (LOSO),51108,9020,0.7134372037897219,0.6080054934168232,-0.034834954531954176,0.7141451059217403
casthma,HRSN + Covariates,5,State-Blocked (LOSO),59256,872,0.8835772766959176,0.6717424782656758,-0.034311088550318836,0.7347168533143165
casthma,HRSN + Covariates,6,State-Blocked (LOSO),59872,256,0.49896409807687353,0.33637774964632267,0.6780697004527878,0.7271710574728587
casthma,HRSN + Covariates,7,State-Blocked (LOSO),59925,203,0.42310240693171874,0.22753494184688614,0.8810051259615164,0.7262849411453955
casthma,HRSN + Covariates,8,State-Blocked (LOSO),57349,2779,0.7007150277372829,0.6266081765940003,0.3733695707454757,0.736583625940362
casthma,HRSN + Covariates,9,State-Blocked (LOSO),59712,416,0.8777753487204907,0.7110473001203119,0.09645456922496065,0.7299552208572928
casthma,HRSN + Covariates,10,State-Blocked (LOSO),59676,452,0.366555179680542,0.28030173048221013,0.3080538458250608,0.7275933236151596
casthma,HRSN + Covariates,11,State-Blocked (LOSO),56872,3256,0.4099971438169075,0.32372375964910194,0.8209697018039244,0.7206650722336669
casthma,HRSN + Covariates,12,State-Blocked (LOSO),58447,1681,0.8772325987349376,0.7998573928744385,-0.43086400412446824,0.7379848424198611
casthma,HRSN + Covariates,13,State-Blocked (LOSO),59236,892,0.5069410840154668,0.45606706044639683,-0.17978200435162162,0.7294836957801756
casthma,HRSN + Covariates,14,State-Blocked (LOSO),59313,815,0.38848895025317054,0.329659323422112,0.4337445022972334,0.7277759633650259
casthma,HRSN + Covariates,15,State-Blocked (LOSO),58766,1362,0.8081630706935775,0.7120452453486585,0.16796171092908474,0.7356252515869369
casthma,HRSN + Covariates,16,State-Blocked (LOSO),59728,400,0.8913077444651071,0.8417265739954505,-1.054490244268468,0.7262033076656114
casthma,HRSN + Covariates,17,State-Blocked (LOSO),58673,1455,0.60240067940986,0.4550762789622892,0.6912944659527596,0.7271875752273613
casthma,HRSN + Covariates,18,State-Blocked (LOSO),58541,1587,0.9169381321091553,0.8373999801908979,-0.37459826141308117,0.7361858118427752
casthma,HRSN + Covariates,19,State-Blocked (LOSO),57247,2881,0.49354596491859176,0.4379511950296562,0.7434401836093821,0.7131697891496032
casthma,HRSN + Covariates,20,State-Blocked (LOSO),58631,1497,0.37410744518186295,0.318090862003916,0.42471454586389945,0.7278434334459013
casthma,HRSN + Covariates,21,State-Blocked (LOSO),59259,869,0.542326837144623,0.45435173235016973,0.47832630490535133,0.7284569861001942
casthma,HRSN + Covariates,22,State-Blocked (LOSO),58482,1646,0.5620547145100699,0.4909995466599569,0.45344915256307483,0.7299309160221383
casthma,HRSN + Covariates,23,State-Blocked (LOSO),59813,315,0.7141697837551794,0.5406178171672369,0.2001410870840864,0.7282669396997018
casthma,HRSN + Covariates,24,State-Blocked (LOSO),59581,547,0.983301146750473,0.955328288529273,-3.626040530152851,0.7324147988614461
casthma,HRSN + Covariates,25,State-Blocked (LOSO),59360,768,0.458582781627347,0.3680188370252269,0.2608090828444969,0.7286608647743722
casthma,HRSN + Covariates,26,State-Blocked (LOSO),59781,347,0.4493717155516827,0.3690649982755452,-0.02657323365610975,0.7279057197133281
casthma,HRSN + Covariates,27,State-Blocked (LOSO),57968,2160,0.5852100501223536,0.4997979605757849,0.46909631588995715,0.7215572133919989
casthma,HRSN + Covariates,28,State-Blocked (LOSO),59531,597,0.515050904192711,0.4169165845894596,0.7712059309506705,0.7262116296069405
casthma,HRSN + Covariates,29,State-Blocked (LOSO),54903,5225,0.6016339379355167,0.4520934888159503,0.6406635230280677,0.7289269661837403
casthma,HRSN + Covariates,30,State-Blocked (LOSO),57490,2638,0.3316819331435966,0.24514084305985046,0.8171969285294391,0.7230256943045936
casthma,HRSN + Covariates,31,State-Blocked (LOSO),59900,228,0.48428085744401056,0.3645925304981811,0.41769866426170665,0.7275004025802343
casthma,HRSN + Covariates,32,State-Blocked (LOSO),56979,3149,0.3593915115231262,0.25170792041434803,0.8443060657369557,0.7142939248791808
casthma,HRSN + Covariates,33,State-Blocked (LOSO),58938,1190,0.6409671717233012,0.5817146448316777,0.1287698249926461,0.7280906641204634
casthma,HRSN + Covariates,34,State-Blocked (LOSO),59882,246,1.182990846882994,1.0691128495054971,-1.5164562847972598,0.7307652437161782
casthma,HRSN + Covariates,35,State-Blocked (LOSO),58827,1301,0.524267554728386,0.42573167230789694,0.5119394337256487,0.7281744323473873
casthma,HRSN + Covariates,36,State-Blocked (LOSO),59424,704,0.8664245367364901,0.7342464835983878,-1.6247657415509078,0.7343885823422671
casthma,HRSN + Covariates,37,State-Blocked (LOSO),57971,2157,0.29793943809534473,0.21668597243706014,0.8899923655706826,0.7220565669348031
casthma,HRSN + Covariates,38,State-Blocked (LOSO),59583,545,0.34555517952499154,0.28952581486334417,0.6121961056907397,0.7226244463023406
casthma,HRSN + Covariates,39,State-Blocked (LOSO),58605,1523,0.3961892834702497,0.2754026377329025,0.7711672268644241,0.7249869095408195
casthma,SVI + Covariates,0,State-Blocked (LOSO),58701,1427,0.9090671842694943,0.8454176302184516,-0.39216795664924864,0.5865567737234075
casthma,SVI + Covariates,1,State-Blocked (LOSO),59955,173,0.8135844026497702,0.6069849624430861,-0.11253077238755438,0.5749122522877995
casthma,SVI + Covariates,2,State-Blocked (LOSO),58398,1730,0.8041558514795448,0.504062826194747,0.12116895182475951,0.5829918522811348
casthma,SVI + Covariates,3,State-Blocked (LOSO),59309,819,0.5902141663443334,0.5079159089889631,0.19628871652596525,0.5759898860139919
casthma,SVI + Covariates,4,State-Blocked (LOSO),51108,9020,0.5425414172955808,0.3963620462058865,0.4015534339786382,0.5255264401405274
casthma,SVI + Covariates,5,State-Blocked (LOSO),59256,872,0.8796217829433198,0.6839060562212032,-0.025071254903747286,0.5795098275745467
casthma,SVI + Covariates,6,State-Blocked (LOSO),59872,256,0.5351306862618769,0.36243188500843804,0.6297091599152137,0.573565111298526
casthma,SVI + Covariates,7,State-Blocked (LOSO),59925,203,0.3685844299207819,0.24875960768270006,0.9096951173590686,0.5721316857689958
casthma,SVI + Covariates,8,State-Blocked (LOSO),57349,2779,0.6768651948079494,0.5972478185902845,0.41530014956024497,0.5775930367189399
casthma,SVI + Covariates,9,State-Blocked (LOSO),59712,416,0.7863898635758464,0.6128676324638315,0.27479790888066746,0.5748593968968387
casthma,SVI + Covariates,10,State-Blocked (LOSO),59676,452,0.3814807525181455,0.2807485796812591,0.2505565994279926,0.574203016351041
casthma,SVI + Covariates,11,State-Blocked (LOSO),56872,3256,0.43487243955399946,0.3520963440210374,0.7985864695920945,0.5601239373048277
casthma,SVI + Covariates,12,State-Blocked (LOSO),58447,1681,0.5291821656931328,0.41381000374091365,0.47931000493112674,0.5686614709785061
casthma,SVI + Covariates,13,State-Blocked (LOSO),59236,892,0.6364593975206347,0.5740921923532052,-0.8596370742684156,0.5776658462515349
casthma,SVI + Covariates,14,State-Blocked (LOSO),59313,815,0.44921452726442396,0.3725338485560694,0.24288356223763086,0.5745784081018681
casthma,SVI + Covariates,15,State-Blocked (LOSO),58766,1362,0.8343383057861086,0.7662341184220897,0.11319184941379767,0.5815526169512051
casthma,SVI + Covariates,16,State-Blocked (LOSO),59728,400,1.5816939393292686,1.536271131021312,-5.469841245455956,0.5812514482157478
casthma,SVI + Covariates,17,State-Blocked (LOSO),58673,1455,0.5181949972580038,0.39040200893554294,0.7715664227611458,0.5673185427235905
casthma,SVI + Covariates,18,State-Blocked (LOSO),58541,1587,1.4006673337756363,1.3279800001571613,-2.207493042605308,0.6077007883517553
casthma,SVI + Covariates,19,State-Blocked (LOSO),57247,2881,0.7248164543983233,0.6282134804649913,0.4466632528382133,0.5592955604712739
casthma,SVI + Covariates,20,State-Blocked (LOSO),58631,1497,0.48041511409241716,0.40727389705659073,0.05131067273660239,0.5754303135122524
casthma,SVI + Covariates,21,State-Blocked (LOSO),59259,869,1.2313466176906962,1.1874350547962347,-1.6892884691073187,0.5911321503627305
casthma,SVI + Covariates,22,State-Blocked (LOSO),58482,1646,0.39169806797420986,0.30569108931362693,0.7345539660970635,0.5704413694431323
casthma,SVI + Covariates,23,State-Blocked (LOSO),59813,315,0.8642210260185567,0.5446025619453829,-0.17127831331384646,0.5755122084886601
casthma,SVI + Covariates,24,State-Blocked (LOSO),59581,547,1.1294095045830839,1.100887205345831,-5.102941662807666,0.5803502643715821
casthma,SVI + Covariates,25,State-Blocked (LOSO),59360,768,0.39286460102752924,0.29777269845279214,0.4574910211454849,0.5742229524116915
casthma,SVI + Covariates,26,State-Blocked (LOSO),59781,347,0.3681275676580579,0.2960147671346605,0.3110699123096623,0.5741184468148824
casthma,SVI + Covariates,27,State-Blocked (LOSO),57968,2160,0.7601334680670876,0.6878720144199025,0.10428077333909536,0.5671188726134324
casthma,SVI + Covariates,28,State-Blocked (LOSO),59531,597,0.8341031220115347,0.47856277307762324,0.3999548251126741,0.5754134794370258
casthma,SVI + Covariates,29,State-Blocked (LOSO),54903,5225,0.5797066232082122,0.43700602974402875,0.6663791559658017,0.5635036454569977
casthma,SVI + Covariates,30,State-Blocked (LOSO),57490,2638,0.4079659805133353,0.274658884708981,0.7234410256852384,0.5674608856705033
casthma,SVI + Covariates,31,State-Blocked (LOSO),59900,228,0.6962479208010421,0.5811690479077022,-0.20359674199209832,0.5749593705710434
casthma,SVI + Covariates,32,State-Blocked (LOSO),56979,3149,0.48593087716318334,0.3566345866558602,0.7153671282757674,0.5558067911262945
casthma,SVI + Covariates,33,State-Blocked (LOSO),58938,1190,0.8837907461812888,0.7917875650423808,-0.6563809794966429,0.5781280646698735
casthma,SVI + Covariates,34,State-Blocked (LOSO),59882,246,1.3659932669615356,1.2427341863753731,-2.3552411457696607,0.5784655055106026
casthma,SVI + Covariates,35,State-Blocked (LOSO),58827,1301,0.9908268585145371,0.9358864653727481,-0.7432645462752141,0.5874499977126106
casthma,SVI + Covariates,36,State-Blocked (LOSO),59424,704,0.6190135845887483,0.5209804686923234,-0.3397674531070243,0.576631985030519
casthma,SVI + Covariates,37,State-Blocked (LOSO),57971,2157,0.38110710348487326,0.2900504843061476,0.8200047996915762,0.5662287976330169
casthma,SVI + Covariates,38,State-Blocked (LOSO),59583,545,0.864322096471701,0.7980650811024962,-1.4262110914873638,0.5719513472761342
casthma,SVI + Covariates,39,State-Blocked (LOSO),58605,1523,0.5168041990951983,0.35397188104488714,0.6106278880058147,0.5713764229955873
casthma,HRSN + SVI + Covariates,0,State-Blocked (LOSO),58701,1427,0.5779091785939922,0.4900885824598243,0.4373752198854419,0.7353030188602168
casthma,HRSN + SVI + Covariates,1,State-Blocked (LOSO),59955,173,0.493684678225225,0.34745800035707075,0.5903564681148854,0.7319943317752444
casthma,HRSN + SVI + Covariates,2,State-Blocked (LOSO),58398,1730,0.8378291282420457,0.6788314982996765,0.04602751440520658,0.7429765125300947
casthma,HRSN + SVI + Covariates,3,State-Blocked (LOSO),59309,819,0.35238536932078374,0.26078362622307033,0.7135053315436903,0.7318805992346891
casthma,HRSN + SVI + Covariates,4,State-Blocked (LOSO),51108,9020,0.6994344725301267,0.5970878353527221,0.005388100855739264,0.7170435092102301
casthma,HRSN + SVI + Covariates,5,State-Blocked (LOSO),59256,872,0.8626808531576025,0.6429881552729441,0.014032903185368983,0.7389668256070412
casthma,HRSN + SVI + Covariates,6,State-Blocked (LOSO),59872,256,0.5050699025891273,0.3339102033481565,0.6701425961376571,0.7319582060539562
casthma,HRSN + SVI + Covariates,7,State-Blocked (LOSO),59925,203,0.4056381053728394,0.22744369069159281,0.890625834394478,0.7310054434977961
casthma,HRSN + SVI + Covariates,8,State-Blocked (LOSO),57349,2779,0.6938594025058884,0.6230121892945754,0.38557118760902687,0.7408208355706178
casthma,HRSN + SVI + Covariates,9,State-Blocked (LOSO),59712,416,1.0722857931208338,0.9200882975931655,-0.3483552731718973,0.7367356805260059
casthma,HRSN + SVI + Covariates,10,State-Blocked (LOSO),59676,452,0.3657614919281968,0.2775250579651651,0.31104709022158605,0.7323407469870528
casthma,HRSN + SVI + Covariates,11,State-Blocked (LOSO),56872,3256,0.4092196021547481,0.327148273069821,0.8216481041832687,0.7255752314009076
casthma,HRSN + SVI + Covariates,12,State-Blocked (LOSO),58447,1681,0.8592633885028109,0.7851758615179303,-0.3728448212432065,0.7418466624431119
casthma,HRSN + SVI + Covariates,13,State-Blocked (LOSO),59236,892,0.5344527290041846,0.4850546815773502,-0.311310042099171,0.7345903691507039
casthma,HRSN + SVI + Covariates,14,State-Blocked (LOSO),59313,815,0.383889205928848,0.3265746188166645,0.4470741528806811,0.7324977982201613
casthma,HRSN + SVI + Covariates,15,State-Blocked (LOSO),58766,1362,0.8490176461552174,0.7606696248265963,0.08171235061597282,0.7415378907040662
casthma,HRSN + SVI + Covariates,16,State-Blocked (LOSO),59728,400,0.8129846550023974,0.7559642455747997,-0.7092808225154257,0.7301742935944378
casthma,HRSN + SVI + Covariates,17,State-Blocked (LOSO),58673,1455,0.6141632437373478,0.4604803143268733,0.6791211062768236,0.7323631863157486
casthma,HRSN + SVI + Covariates,18,State-Blocked (LOSO),58541,1587,0.8982169976730543,0.8191736677831307,-0.3190408974003083,0.7402060059138489
casthma,HRSN + SVI + Covariates,19,State-Blocked (LOSO),57247,2881,0.48540697392276594,0.4291813110525407,0.7518321900293093,0.7179359015785312
casthma,HRSN + SVI + Covariates,20,State-Blocked (LOSO),58631,1497,0.37763183597678945,0.3211432433442847,0.4138241919591986,0.7326659355609184
casthma,HRSN + SVI + Covariates,21,State-Blocked (LOSO),59259,869,0.5936189098635435,0.5120685282506671,0.3749824671553512,0.7338894443077434
casthma,HRSN + SVI + Covariates,22,State-Blocked (LOSO),58482,1646,0.5611309606876115,0.49098724306636143,0.4552442217263464,0.7346670300810394
casthma,HRSN + SVI + Covariates,23,State-Blocked (LOSO),59813,315,0.71884287226071,0.5133177522923056,0.1896392693123673,0.733068707203899
casthma,HRSN + SVI + Covariates,24,State-Blocked (LOSO),59581,547,0.9832676361883339,0.9570436367175791,-3.625725227811099,0.7372117144909609
casthma,HRSN + SVI + Covariates,25,State-Blocked (LOSO),59360,768,0.45901459018737384,0.36597117779721083,0.25941636050549344,0.7334187661245066
casthma,HRSN + SVI + Covariates,26,State-Blocked (LOSO),59781,347,0.40355034014818697,0.32605443403105594,0.17210758261240855,0.7324295768161374
casthma,HRSN + SVI + Covariates,27,State-Blocked (LOSO),57968,2160,0.5758572703758821,0.4941082056182571,0.4859304311298962,0.7261495578051977
casthma,HRSN + SVI + Covariates,28,State-Blocked (LOSO),59531,597,0.5225859928173043,0.39719886891103734,0.7644625417621645,0.7311042554646394
casthma,HRSN + SVI + Covariates,29,State-Blocked (LOSO),54903,5225,0.6048469898008625,0.45052851588330434,0.6368151704959621,0.7336805943501261
casthma,HRSN + SVI + Covariates,30,State-Blocked (LOSO),57490,2638,0.326430577169657,0.23831517224616655,0.8229395668143238,0.727735707940905
casthma,HRSN + SVI + Covariates,31,State-Blocked (LOSO),59900,228,0.5101296390122843,0.36797676335084956,0.35387834720515743,0.7323482375578335
casthma,HRSN + SVI + Covariates,32,State-Blocked (LOSO),56979,3149,0.3644663536822834,0.25772197489698334,0.8398780220265596,0.7194434134753718
casthma,HRSN + SVI + Covariates,33,State-Blocked (LOSO),58938,1190,0.6695692560154657,0.6073295571129952,0.04928062716995274,0.7334951076172129
casthma,HRSN + SVI + Covariates,34,State-Blocked (LOSO),59882,246,1.206042502702504,1.085192400960951,-1.615482677828132,0.7357601098998077
casthma,HRSN + SVI + Covariates,35,State-Blocked (LOSO),58827,1301,0.52230408247396,0.4243837625970529,0.5155883297325984,0.732954914289627
casthma,HRSN + SVI + Covariates,36,State-Blocked (LOSO),59424,704,0.8864253148961354,0.7462278214322762,-1.7473460394491123,0.7395217113414594
casthma,HRSN + SVI + Covariates,37,State-Blocked (LOSO),57971,2157,0.3009414699527987,0.22299720340736276,0.8877643275275149,0.7269820444368585
casthma,HRSN + SVI + Covariates,38,State-Blocked (LOSO),59583,545,0.31115830963846,0.2510682084771109,0.6855582830449793,0.7272731022030472
casthma,HRSN + SVI + Covariates,39,State-Blocked (LOSO),58605,1523,0.4139212775560031,0.2878912516924514,0.7502253960295745,0.7301344480195906
casthma,Covariates Only,0,State-Blocked (LOSO),58701,1427,0.8861394102693705,0.8209552864008202,-0.3228292081103292,0.5609469959757427
casthma,Covariates Only,1,State-Blocked (LOSO),59955,173,0.5743919324196043,0.40951717093264434,0.4454720166077841,0.5496091053323656
casthma,Covariates Only,2,State-Blocked (LOSO),58398,1730,0.6860215865432677,0.4619697428810069,0.36041171283829176,0.5533542864582639
casthma,Covariates Only,3,State-Blocked (LOSO),59309,819,0.5703183000047941,0.48777219308680675,0.24956095625401342,0.5512170380176833
casthma,Covariates Only,4,State-Blocked (LOSO),51108,9020,0.62410331088612,0.44389055670179967,0.20809596253523832,0.5163144109471185
casthma,Covariates Only,5,State-Blocked (LOSO),59256,872,0.9097162773289751,0.7206876583071458,-0.0964126429236376,0.5556460354548873
casthma,Covariates Only,6,State-Blocked (LOSO),59872,256,0.5289132755384601,0.35574699218213723,0.6382636157241208,0.549128115944882
casthma,Covariates Only,7,State-Blocked (LOSO),59925,203,0.3793564582894783,0.26407563613593765,0.9043395926673063,0.5477109385641552
casthma,Covariates Only,8,State-Blocked (LOSO),57349,2779,0.673880999722584,0.5855819894353483,0.4204444885705626,0.5523299915311537
casthma,Covariates Only,9,State-Blocked (LOSO),59712,416,0.8688893609703457,0.7112903827931191,0.11465570501877043,0.5513345209794305
casthma,Covariates Only,10,State-Blocked (LOSO),59676,452,0.38856041263401203,0.30558877759408565,0.22248158881227398,0.5498770396366992
casthma,Covariates Only,11,State-Blocked (LOSO),56872,3256,0.4411834474379341,0.33729746825854257,0.7926980953054519,0.5347857833015517
casthma,Covariates Only,12,State-Blocked (LOSO),58447,1681,0.5696038087165268,0.47360467546715795,0.3967260069381473,0.5448316773234186
casthma,Covariates Only,13,State-Blocked (LOSO),59236,892,0.5530578044990364,0.4918137848374096,-0.40419634941372284,0.5518658410255648
casthma,Covariates Only,14,State-Blocked (LOSO),59313,815,0.4064243049776456,0.32528454314584576,0.3802529994515168,0.5496579801116201
casthma,Covariates Only,15,State-Blocked (LOSO),58766,1362,0.8274372546505149,0.7581026820805699,0.12780126766693556,0.5565333827508161
casthma,Covariates Only,16,State-Blocked (LOSO),59728,400,1.6879859694877901,1.6531227108153248,-6.368623861806689,0.5588344565790136
casthma,Covariates Only,17,State-Blocked (LOSO),58673,1455,0.5434030571564871,0.41185311391248547,0.7488011402046988,0.5429109836232074
casthma,Covariates Only,18,State-Blocked (LOSO),58541,1587,1.436270061656014,1.3636712345849986,-2.372624095320081,0.5852579759103795
casthma,Covariates Only,19,State-Blocked (LOSO),57247,2881,0.7491738283128588,0.6680247670566828,0.4088487401142443,0.5345127904704334
casthma,Covariates Only,20,State-Blocked (LOSO),58631,1497,0.4424699163825815,0.36733367217451657,0.19525518494495353,0.5500930435804274
casthma,Covariates Only,21,State-Blocked (LOSO),59259,869,1.2181453629107404,1.1735949496724736,-1.631933905328598,0.5661486761661056
casthma,Covariates Only,22,State-Blocked (LOSO),58482,1646,0.3586441749184877,0.26607405647633997,0.7774636580456604,0.5450388928774297
casthma,Covariates Only,23,State-Blocked (LOSO),59813,315,0.7570418083413216,0.5431991441492389,0.1012266743243273,0.5501617914557134
casthma,Covariates Only,24,State-Blocked (LOSO),59581,547,1.054269007549776,1.0252249290788589,-4.317888430277533,0.5542898047172069
casthma,Covariates Only,25,State-Blocked (LOSO),59360,768,0.3877633710742015,0.29563870820125926,0.4714881881263151,0.5497651084103992
casthma,Covariates Only,26,State-Blocked (LOSO),59781,347,0.4339295634814602,0.3588598140580714,0.04276857316761551,0.5500682693948808
casthma,Covariates Only,27,State-Blocked (LOSO),57968,2160,0.7911719370715157,0.6908305248372901,0.029637653332148406,0.5430851443827358
casthma,Covariates Only,28,State-Blocked (LOSO),59531,597,0.6119552733981402,0.38441644174825085,0.6770139111379034,0.5477275653281908
casthma,Covariates Only,29,State-Blocked (LOSO),54903,5225,0.6554218807790688,0.49179180089589863,0.5735397825478213,0.5467831185646321
casthma,Covariates Only,30,State-Blocked (LOSO),57490,2638,0.3953537046991344,0.27536144234063953,0.7402763592495492,0.5419162773606581
casthma,Covariates Only,31,State-Blocked (LOSO),59900,228,0.5817596566198395,0.5016047736628994,0.15968835366984424,0.5500484057152293
casthma,Covariates Only,32,State-Blocked (LOSO),56979,3149,0.49493820543550476,0.3727396459074222,0.7047172878859786,0.5302193088117444
casthma,Covariates Only,33,State-Blocked (LOSO),58938,1190,0.7355687116968256,0.6625784629695642,-0.14738146614107728,0.5488749306964384
casthma,Covariates Only,34,State-Blocked (LOSO),59882,246,1.4091249732062983,1.3063178952120327,-2.570472110455828,0.5544627937663605
casthma,Covariates Only,35,State-Blocked (LOSO),58827,1301,0.988707532404552,0.9337818785004554,-0.7358150210251642,0.5626140592311605
casthma,Covariates Only,36,State-Blocked (LOSO),59424,704,0.6171872377336335,0.5233832896147997,-0.3318733762086299,0.5521734652985582
casthma,Covariates Only,37,State-Blocked (LOSO),57971,2157,0.38737287488400146,0.29388345832232454,0.8140375537168093,0.5413766219406605
casthma,Covariates Only,38,State-Blocked (LOSO),59583,545,0.9556934683240761,0.9056929987428206,-1.966296693259475,0.5486567909444445
casthma,Covariates Only,39,State-Blocked (LOSO),58605,1523,0.5228938800066661,0.37460570894584977,0.6013976148397182,0.5466758785837855
obesity,HRSN + Covariates,0,State-Blocked (LOSO),58701,1427,0.5074214127221146,0.3952185605083152,0.6513843493718088,0.807637442387974
obesity,HRSN + Covariates,1,State-Blocked (LOSO),59955,173,0.5081985702115622,0.45206221406111285,-0.1423638582245461,0.8092327974027111
obesity,HRSN + Covariates,2,State-Blocked (LOSO),58398,1730,0.33594121705001556,0.25331387256749405,0.7556866776653481,0.8087493064530928
obesity,HRSN + Covariates,3,State-Blocked (LOSO),59309,819,0.5762859741858001,0.4888699489902032,0.3912534778375696,0.8096322454796205
obesity,HRSN + Covariates,4,State-Blocked (LOSO),51108,9020,0.45782255379523673,0.36428632075179357,0.706141974708738,0.7867579789963857
obesity,HRSN + Covariates,5,State-Blocked (LOSO),59256,872,0.3406736415456748,0.27282288099513724,0.8245701049038042,0.808003199229168
obesity,HRSN + Covariates,6,State-Blocked (LOSO),59872,256,0.4436422580792569,0.36075485353114917,0.6908838960166144,0.8089674581896831
obesity,HRSN + Covariates,7,State-Blocked (LOSO),59925,203,0.7722180915907486,0.7038182195632323,0.32825300060551765,0.8091559866882667
obesity,HRSN + Covariates,8,State-Blocked (LOSO),57349,2779,0.42323000322430915,0.3356960806136386,0.7937790201635059,0.8087916720092693
obesity,HRSN + Covariates,9,State-Blocked (LOSO),59712,416,0.5420532812358694,0.457402248276322,0.24330534727928133,0.8085032761777979
obesity,HRSN + Covariates,10,State-Blocked (LOSO),59676,452,0.6791173160287702,0.6216606208099629,-0.9195552853453095,0.8115865728522377
obesity,HRSN + Covariates,11,State-Blocked (LOSO),56872,3256,0.49228088588721725,0.39848687651082204,0.7265909843955087,0.8119570920936914
obesity,HRSN + Covariates,12,State-Blocked (LOSO),58447,1681,0.448064448717683,0.3525358183486514,0.6237037502360534,0.8085005557861306
obesity,HRSN + Covariates,13,State-Blocked (LOSO),59236,892,0.6345800236466606,0.5589027111198033,-0.22119438986892903,0.8125140601425052
obesity,HRSN + Covariates,14,State-Blocked (LOSO),59313,815,0.3554023399239616,0.27876237214469207,0.7314993398250348,0.8085658868575397
obesity,HRSN + Covariates,15,State-Blocked (LOSO),58766,1362,0.5395580484681045,0.4406891757884302,0.6703992131648064,0.80785829519084
obesity,HRSN + Covariates,16,State-Blocked (LOSO),59728,400,0.41969496611175566,0.31830431524818686,0.6025537005275459,0.8092639022449923
obesity,HRSN + Covariates,17,State-Blocked (LOSO),58673,1455,0.480907271562807,0.3941892850409742,0.7298061741647308,0.8099132499500488
obesity,HRSN + Covariates,18,State-Blocked (LOSO),58541,1587,0.48231450350390426,0.391459186886004,0.6191913988980376,0.8080132767244128
obesity,HRSN + Covariates,19,State-Blocked (LOSO),57247,2881,0.42292945468250037,0.32685616807053275,0.7606759387342562,0.8082627206972544
obesity,HRSN + Covariates,20,State-Blocked (LOSO),58631,1497,0.37027209522209487,0.2992846134503381,0.6879955401897541,0.8099595733371103
obesity,HRSN + Covariates,21,State-Blocked (LOSO),59259,869,0.7038252953039316,0.606844055262338,0.3007428294925877,0.8104726618148719
obesity,HRSN + Covariates,22,State-Blocked (LOSO),58482,1646,0.38294555299130656,0.3025336182583144,0.7345807334278651,0.8084765166260228
obesity,HRSN + Covariates,23,State-Blocked (LOSO),59813,315,0.49102285995617034,0.3888221915232465,0.42099215491609376,0.8094541491079171
obesity,HRSN + Covariates,24,State-Blocked (LOSO),59581,547,0.35693054129367613,0.2868095753546741,0.6192719891729641,0.8086820526588164
obesity,HRSN + Covariates,25,State-Blocked (LOSO),59360,768,0.34016932433763153,0.28485394477527914,0.7086594441572682,0.8088959028378374
obesity,HRSN + Covariates,26,State-Blocked (LOSO),59781,347,0.37521396543341423,0.3037323015811714,0.2684567651477917,0.8091959160166745
obesity,HRSN + Covariates,27,State-Blocked (LOSO),57968,2160,0.47090103605511446,0.3950362251493301,0.6278367440157621,0.8094160793103133
obesity,HRSN + Covariates,28,State-Blocked (LOSO),59531,597,0.43726491360072267,0.3383469363674929,0.6562691282053252,0.8094336848340298
obesity,HRSN + Covariates,29,State-Blocked (LOSO),54903,5225,0.6295423354130517,0.504565452332316,0.5403767290649686,0.8165795913764431
obesity,HRSN + Covariates,30,State-Blocked (LOSO),57490,2638,0.3909361729692432,0.3176268662607247,0.7836998008645427,0.8088997451049873
obesity,HRSN + Covariates,31,State-Blocked (LOSO),59900,228,0.4211245444813175,0.3179550202171953,0.287961411253832,0.8089949477227157
obesity,HRSN + Covariates,32,State-Blocked (LOSO),56979,3149,0.39044831178743056,0.31395080723846597,0.783546669753448,0.8060354504126939
obesity,HRSN + Covariates,33,State-Blocked (LOSO),58938,1190,0.4243477804539316,0.33046244399866775,0.6080724924895872,0.8083748439038341
obesity,HRSN + Covariates,34,State-Blocked (LOSO),59882,246,0.39390442587227054,0.3300256912248339,0.5767281666827334,0.8089459479387304
obesity,HRSN + Covariates,35,State-Blocked (LOSO),58827,1301,0.4169134080640268,0.33881060230121157,0.7426264120780917,0.8088802227872813
obesity,HRSN + Covariates,36,State-Blocked (LOSO),59424,704,0.6165766047073058,0.5154635970351698,-0.6471176222856783,0.812003609753172
obesity,HRSN + Covariates,37,State-Blocked (LOSO),57971,2157,0.371968390259781,0.30370232699885,0.8470717143092107,0.8071343574573118
obesity,HRSN + Covariates,38,State-Blocked (LOSO),59583,545,0.4188702068571245,0.3207564517016704,0.47453820023996296,0.8079393300680514
obesity,HRSN + Covariates,39,State-Blocked (LOSO),58605,1523,0.5879691889946451,0.5052540151778063,0.315309516420592,0.8121339337814972
obesity,SVI + Covariates,0,State-Blocked (LOSO),58701,1427,0.5455803371242498,0.42732934276187823,0.5969798876735859,0.7199773904604583
obesity,SVI + Covariates,1,State-Blocked (LOSO),59955,173,0.7355002497142098,0.6427199006704435,-1.392782511770985,0.7244047588994684
obesity,SVI + Covariates,2,State-Blocked (LOSO),58398,1730,0.4719446322662599,0.3569617007825215,0.5178272429140509,0.7250536565143081
obesity,SVI + Covariates,3,State-Blocked (LOSO),59309,819,0.5259149638617411,0.42262725069943796,0.493019273329506,0.7220890745482076
obesity,SVI + Covariates,4,State-Blocked (LOSO),51108,9020,0.5693739580477052,0.47478790074391186,0.5454952903898371,0.6999498539980221
obesity,SVI + Covariates,5,State-Blocked (LOSO),59256,872,0.451142845347483,0.3562470525498035,0.6923515816793604,0.7226663587664863
obesity,SVI + Covariates,6,State-Blocked (LOSO),59872,256,0.4635545567249154,0.33659392405674704,0.6625126290267223,0.7232451396537563
obesity,SVI + Covariates,7,State-Blocked (LOSO),59925,203,0.8463445657607157,0.6860024333947925,0.19309907929054704,0.7233603180226729
obesity,SVI + Covariates,8,State-Blocked (LOSO),57349,2779,0.4893029534081136,0.38236575927333727,0.7243641992629617,0.7223617630797445
obesity,SVI + Covariates,9,State-Blocked (LOSO),59712,416,0.4837015686409519,0.3772383892014356,0.3974519279538734,0.7217877242677209
obesity,SVI + Covariates,10,State-Blocked (LOSO),59676,452,0.4966201186745991,0.40200054136784175,-0.0265016106992626,0.7243207128960296
obesity,SVI + Covariates,11,State-Blocked (LOSO),56872,3256,0.4921462210040987,0.3851796299322241,0.7267405476154839,0.7222916717863648
obesity,SVI + Covariates,12,State-Blocked (LOSO),58447,1681,0.55229419852617,0.45036776369212106,0.4282714503831736,0.723433906734953
obesity,SVI + Covariates,13,State-Blocked (LOSO),59236,892,0.5399696960857806,0.4289243004347399,0.11579944759084482,0.7245300973245672
obesity,SVI + Covariates,14,State-Blocked (LOSO),59313,815,0.5916127278692749,0.4905889923681685,0.255988223520484,0.725224185989602
obesity,SVI + Covariates,15,State-Blocked (LOSO),58766,1362,0.5388547729579949,0.4298840937242646,0.6712578755261458,0.71908802488835
obesity,SVI + Covariates,16,State-Blocked (LOSO),59728,400,0.46483979081743754,0.3824875097846757,0.5124518291841114,0.7237151086256557
obesity,SVI + Covariates,17,State-Blocked (LOSO),58673,1455,0.5371085859033575,0.4352936500349033,0.6629635104768551,0.7239559479153862
obesity,SVI + Covariates,18,State-Blocked (LOSO),58541,1587,0.5859838226410159,0.4716279847097685,0.4378951159942537,0.7226819447719675
obesity,SVI + Covariates,19,State-Blocked (LOSO),57247,2881,0.43722640323608963,0.34344723969583363,0.7442219572190358,0.7195688864208916
obesity,SVI + Covariates,20,State-Blocked (LOSO),58631,1497,0.43514828196061833,0.33915662615096753,0.5690832446568438,0.7247978165910243
obesity,SVI + Covariates,21,State-Blocked (LOSO),59259,869,0.4415534977570953,0.3617846871481069,0.7247838945968699,0.7194072078793998
obesity,SVI + Covariates,22,State-Blocked (LOSO),58482,1646,0.41872132718432614,0.3349029530849426,0.68267188839417,0.7221083157679655
obesity,SVI + Covariates,23,State-Blocked (LOSO),59813,315,0.5980301737702627,0.45793780298528414,0.1411304236581743,0.7242947029786131
obesity,SVI + Covariates,24,State-Blocked (LOSO),59581,547,0.6019459737559573,0.5136042126669822,-0.08283537802845276,0.7247567449185209
obesity,SVI + Covariates,25,State-Blocked (LOSO),59360,768,0.41307225973293804,0.3352540654536307,0.5704015451450253,0.7235213999207468
obesity,SVI + Covariates,26,State-Blocked (LOSO),59781,347,0.41597832777955995,0.32488465226097485,0.1008680732429319,0.7236950535661076
obesity,SVI + Covariates,27,State-Blocked (LOSO),57968,2160,0.50390326075161,0.4011717728746508,0.5738440680431993,0.722280716922238
obesity,SVI + Covariates,28,State-Blocked (LOSO),59531,597,0.608424384006115,0.5037264149609841,0.33450851913786017,0.7251463230912467
obesity,SVI + Covariates,29,State-Blocked (LOSO),54903,5225,0.7676823298673,0.6094029210101063,0.3165366733026659,0.7426218372233784
obesity,SVI + Covariates,30,State-Blocked (LOSO),57490,2638,0.4780385558911921,0.36558420628612814,0.6765768843810206,0.7238550169686135
obesity,SVI + Covariates,31,State-Blocked (LOSO),59900,228,0.5875684301744803,0.41001242363410983,-0.38611520913106423,0.7239209370644364
obesity,SVI + Covariates,32,State-Blocked (LOSO),56979,3149,0.45159522747667513,0.3548231316261205,0.710441805169927,0.7186291098795651
obesity,SVI + Covariates,33,State-Blocked (LOSO),58938,1190,0.7582945359827608,0.6507443671741169,-0.25151981171197013,0.7287090245030463
obesity,SVI + Covariates,34,State-Blocked (LOSO),59882,246,0.426467971279789,0.34004634786910454,0.5038528641253046,0.7233411402761992
obesity,SVI + Covariates,35,State-Blocked (LOSO),58827,1301,0.42276275491600085,0.3312483875984421,0.7353537827786054,0.7220051588287326
obesity,SVI + Covariates,36,State-Blocked (LOSO),59424,704,0.4962596687061817,0.3823726747138426,-0.0670100068769055,0.7246598317983985
obesity,SVI + Covariates,37,State-Blocked (LOSO),57971,2157,0.506090580304873,0.41236940241532777,0.7169049617416812,0.722884638909129
obesity,SVI + Covariates,38,State-Blocked (LOSO),59583,545,0.5643921498499844,0.44587700253260787,0.04600931196326752,0.7226773734422088
obesity,SVI + Covariates,39,State-Blocked (LOSO),58605,1523,0.6305452992078034,0.525091541997557,0.2125595157720418,0.7269052021722846
obesity,HRSN + SVI + Covariates,0,State-Blocked (LOSO),58701,1427,0.4903113532674674,0.3817360585691308,0.6744983464258638,0.8132189793347879
obesity,HRSN + SVI + Covariates,1,State-Blocked (LOSO),59955,173,0.6238902869162603,0.5656347152769065,-0.7216863074185278,0.8153330651084483
obesity,HRSN + SVI + Covariates,2,State-Blocked (LOSO),58398,1730,0.34733065417657194,0.26479607060373467,0.7388399183710272,0.8147695133160509
obesity,HRSN + SVI + Covariates,3,State-Blocked (LOSO),59309,819,0.5211615665218967,0.43430414067160855,0.5021423838826016,0.8146938304073855
obesity,HRSN + SVI + Covariates,4,State-Blocked (LOSO),51108,9020,0.4336598010227472,0.3437593041553845,0.7363416553628181,0.7910534586567785
obesity,HRSN + SVI + Covariates,5,State-Blocked (LOSO),59256,872,0.3634837178771032,0.2936238641633193,0.8002915407230428,0.8140412934899673
obesity,HRSN + SVI + Covariates,6,State-Blocked (LOSO),59872,256,0.44645641957498383,0.3397191743366513,0.686949817809237,0.8147365043283031
obesity,HRSN + SVI + Covariates,7,State-Blocked (LOSO),59925,203,0.7650856884022209,0.6931661027491874,0.34060454806703433,0.8148999562625043
obesity,HRSN + SVI + Covariates,8,State-Blocked (LOSO),57349,2779,0.4199255417558314,0.333195284165546,0.7969866802727135,0.8146831027310426
obesity,HRSN + SVI + Covariates,9,State-Blocked (LOSO),59712,416,0.42140970875475203,0.33241097574894646,0.5426530537923093,0.8136140172006482
obesity,HRSN + SVI + Covariates,10,State-Blocked (LOSO),59676,452,0.654055400560151,0.5935533426500684,-0.7804922532214491,0.8170982225354115
obesity,HRSN + SVI + Covariates,11,State-Blocked (LOSO),56872,3256,0.4710372516748523,0.37600050188656936,0.749678937758667,0.816892274640212
obesity,HRSN + SVI + Covariates,12,State-Blocked (LOSO),58447,1681,0.421401885450382,0.3301955079960498,0.6671551315011375,0.8138075837899769
obesity,HRSN + SVI + Covariates,13,State-Blocked (LOSO),59236,892,0.5873302809124,0.5057568727164808,-0.04610864710913409,0.817445216033285
obesity,HRSN + SVI + Covariates,14,State-Blocked (LOSO),59313,815,0.3526445507305542,0.27365162095360146,0.7356501022597137,0.8143306910661074
obesity,HRSN + SVI + Covariates,15,State-Blocked (LOSO),58766,1362,0.50857514215231,0.41058731338950766,0.7071655631472602,0.8131278621227253
obesity,HRSN + SVI + Covariates,16,State-Blocked (LOSO),59728,400,0.4109088099517295,0.3234998196331888,0.6190202937163984,0.8149787165978742
obesity,HRSN + SVI + Covariates,17,State-Blocked (LOSO),58673,1455,0.49599674281353623,0.40433643638947636,0.7125843698876762,0.8160921286243583
obesity,HRSN + SVI + Covariates,18,State-Blocked (LOSO),58541,1587,0.4795637010200767,0.3892059342517562,0.6235227720235565,0.8138496605185358
obesity,HRSN + SVI + Covariates,19,State-Blocked (LOSO),57247,2881,0.42402091729893865,0.3283220506805635,0.7594390878960124,0.8142938945136607
obesity,HRSN + SVI + Covariates,20,State-Blocked (LOSO),58631,1497,0.3683180366836825,0.29713199980030963,0.6912799693967475,0.8157272051646497
obesity,HRSN + SVI + Covariates,21,State-Blocked (LOSO),59259,869,0.6239735961356,0.5274483628747256,0.4504090011074351,0.8149766530796119
obesity,HRSN + SVI + Covariates,22,State-Blocked (LOSO),58482,1646,0.36212930647296604,0.2883669816049183,0.7626519164365373,0.813984740005211
obesity,HRSN + SVI + Covariates,23,State-Blocked (LOSO),59813,315,0.528064725844022,0.4148491053104441,0.3303384847863866,0.8154037382268164
obesity,HRSN + SVI + Covariates,24,State-Blocked (LOSO),59581,547,0.35321269161409646,0.2832986805122092,0.6271621378685492,0.8144337033427349
obesity,HRSN + SVI + Covariates,25,State-Blocked (LOSO),59360,768,0.3213498031876235,0.2636014710715476,0.740003964239245,0.8145205553100066
obesity,HRSN + SVI + Covariates,26,State-Blocked (LOSO),59781,347,0.3760070739505606,0.29921379329624126,0.2653608976408015,0.8149489927701992
obesity,HRSN + SVI + Covariates,27,State-Blocked (LOSO),57968,2160,0.47110807850993963,0.39408285067712834,0.6275094118274473,0.8153917193531929
obesity,HRSN + SVI + Covariates,28,State-Blocked (LOSO),59531,597,0.39375531668458064,0.3011189554544889,0.7212710107212276,0.8148738841762262
obesity,HRSN + SVI + Covariates,29,State-Blocked (LOSO),54903,5225,0.6439283137218588,0.518673060436821,0.5191305680532806,0.8239655986740391
obesity,HRSN + SVI + Covariates,30,State-Blocked (LOSO),57490,2638,0.3953806194260035,0.3202047742057532,0.7787537288665959,0.8150204894873407
obesity,HRSN + SVI + Covariates,31,State-Blocked (LOSO),59900,228,0.46472190307680306,0.3348360943475239,0.13290095841622462,0.8148902406120481
obesity,HRSN + SVI + Covariates,32,State-Blocked (LOSO),56979,3149,0.3808935664751091,0.30570431623016986,0.7940108015139362,0.8117379543171598
obesity,HRSN + SVI + Covariates,33,State-Blocked (LOSO),58938,1190,0.48000742489960213,0.3811784793984103,0.49851518607749146,0.8151227811874
obesity,HRSN + SVI + Covariates,34,State-Blocked (LOSO),59882,246,0.38913369659105,0.31431859793106054,0.5869188974372683,0.8146842709682809
obesity,HRSN + SVI + Covariates,35,State-Blocked (LOSO),58827,1301,0.4085926058682551,0.333541024778114,0.7527972724340826,0.8145911426339214
obesity,HRSN + SVI + Covariates,36,State-Blocked (LOSO),59424,704,0.615765532209687,0.5133502511195163,-0.6427870877785153,0.8177594387207647
obesity,HRSN + SVI + Covariates,37,State-Blocked (LOSO),57971,2157,0.39673718766484317,0.32677332638140405,0.8260271129751069,0.813669642132921
obesity,HRSN + SVI + Covariates,38,State-Blocked (LOSO),59583,545,0.39120255933480186,0.29802241432521953,0.5416622997690335,0.8135614897404821
obesity,HRSN + SVI + Covariates,39,State-Blocked (LOSO),58605,1523,0.6233784285031296,0.5371065537089094,0.23035811583881416,0.8189008244876164
obesity,Covariates Only,0,State-Blocked (LOSO),58701,1427,0.5601422123737266,0.42945796267007696,0.5751790705083135,0.6652921165578396
obesity,Covariates Only,1,State-Blocked (LOSO),59955,173,0.4266149578897505,0.34814078836573625,0.19497432091359668,0.6702590004582718
obesity,Covariates Only,2,State-Blocked (LOSO),58398,1730,0.5098737149649739,0.39569994227383065,0.4372107223087365,0.6721335120088054
obesity,Covariates Only,3,State-Blocked (LOSO),59309,819,0.5270239237604646,0.41445372869364133,0.4908789499227564,0.6680886601161169
obesity,Covariates Only,4,State-Blocked (LOSO),51108,9020,0.714995713333816,0.5880171365496197,0.283279106900715,0.6684319706560367
obesity,Covariates Only,5,State-Blocked (LOSO),59256,872,0.4518146846651523,0.35130903087298543,0.6914346029149521,0.668934167895267
obesity,Covariates Only,6,State-Blocked (LOSO),59872,256,0.46368159917989904,0.3457765302529115,0.6623276190910572,0.6700054771076661
obesity,Covariates Only,7,State-Blocked (LOSO),59925,203,0.7989640670936624,0.635644533317115,0.28091490609557623,0.6696070102572481
obesity,Covariates Only,8,State-Blocked (LOSO),57349,2779,0.4837569567111709,0.3730070100177659,0.7305771675559976,0.6667092776166563
obesity,Covariates Only,9,State-Blocked (LOSO),59712,416,1.0448262814877332,0.9084406603187027,-1.8114145372131167,0.67407710809284
obesity,Covariates Only,10,State-Blocked (LOSO),59676,452,0.43285054084319685,0.3485148940673673,0.22019333022062115,0.6706677936509708
obesity,Covariates Only,11,State-Blocked (LOSO),56872,3256,0.5302009951467546,0.4194773532030662,0.6828476298091611,0.6685875628265432
obesity,Covariates Only,12,State-Blocked (LOSO),58447,1681,0.6110510015255071,0.5044987333403026,0.30015182010495767,0.6706315831532561
obesity,Covariates Only,13,State-Blocked (LOSO),59236,892,0.597514836737605,0.49726261330653376,-0.08270313582619382,0.6718369058817273
obesity,Covariates Only,14,State-Blocked (LOSO),59313,815,0.6401136885793137,0.5437510855594536,0.1289982627184335,0.672434730538442
obesity,Covariates Only,15,State-Blocked (LOSO),58766,1362,0.5309447312913764,0.42422266244608986,0.6808384831275799,0.6637253754651655
obesity,Covariates Only,16,State-Blocked (LOSO),59728,400,0.3946675079611762,0.3235603221560974,0.648541797047623,0.6700705689491475
obesity,Covariates Only,17,State-Blocked (LOSO),58673,1455,0.555658937923197,0.4511595108009346,0.6392807311619595,0.6701793575680064
obesity,Covariates Only,18,State-Blocked (LOSO),58541,1587,0.6009249858397728,0.4692255590210433,0.4088650603620011,0.6682617117676426
obesity,Covariates Only,19,State-Blocked (LOSO),57247,2881,0.4428131335243229,0.34707062594542293,0.7376437070069752,0.6641988945708497
obesity,Covariates Only,20,State-Blocked (LOSO),58631,1497,0.46436598475686397,0.3671484947661154,0.5092733609935453,0.6717683421712052
obesity,Covariates Only,21,State-Blocked (LOSO),59259,869,0.4466912717205156,0.36249433117231017,0.7183419818463803,0.6651247654476788
obesity,Covariates Only,22,State-Blocked (LOSO),58482,1646,0.43773913489246513,0.35018672033951337,0.6531919783267468,0.6683237398790239
obesity,Covariates Only,23,State-Blocked (LOSO),59813,315,0.4742301842895193,0.3670950360602712,0.4599183634743593,0.6703860536079993
obesity,Covariates Only,24,State-Blocked (LOSO),59581,547,0.6848981654463534,0.6076925795552969,-0.4018431196724912,0.6723188111051888
obesity,Covariates Only,25,State-Blocked (LOSO),59360,768,0.4980897499456339,0.41901425274554843,0.3753656564402881,0.6710873655902485
obesity,Covariates Only,26,State-Blocked (LOSO),59781,347,0.39150588515553614,0.3056900837699715,0.20354984855483071,0.6704136050638387
obesity,Covariates Only,27,State-Blocked (LOSO),57968,2160,0.512754005739386,0.41106384982492855,0.5587422721048279,0.6675828333747102
obesity,Covariates Only,28,State-Blocked (LOSO),59531,597,0.622832700924721,0.503412438879007,0.3026158202040804,0.6719241171347217
obesity,Covariates Only,29,State-Blocked (LOSO),54903,5225,0.8459407670300318,0.6453010459275846,0.17008801414758734,0.6960381124632569
obesity,Covariates Only,30,State-Blocked (LOSO),57490,2638,0.45957513626131113,0.35014507729048133,0.7010777419728862,0.6681724119460626
obesity,Covariates Only,31,State-Blocked (LOSO),59900,228,0.48535813358372365,0.39446961860133223,0.05418315165207466,0.6703232652219702
obesity,Covariates Only,32,State-Blocked (LOSO),56979,3149,0.486799982914699,0.38937675521903536,0.6635362492612142,0.6642347041967982
obesity,Covariates Only,33,State-Blocked (LOSO),58938,1190,0.60417613371526,0.4985849171803351,0.20550895390046375,0.67069086187021
obesity,Covariates Only,34,State-Blocked (LOSO),59882,246,0.404088253900394,0.31229299493212226,0.5545590896468874,0.670076978679777
obesity,Covariates Only,35,State-Blocked (LOSO),58827,1301,0.4236630830920913,0.33398153471741054,0.73422538556252,0.6679663256587826
obesity,Covariates Only,36,State-Blocked (LOSO),59424,704,0.4297611905993691,0.33257435093257376,0.19978826091906232,0.6706260337378221
obesity,Covariates Only,37,State-Blocked (LOSO),57971,2157,0.5091294256989817,0.4111002115382078,0.7134950391337254,0.6681269680430931
obesity,Covariates Only,38,State-Blocked (LOSO),59583,545,0.6393782983267757,0.5308419446592013,-0.2243285852944623,0.6697540330641805
obesity,Covariates Only,39,State-Blocked (LOSO),58605,1523,0.6766879171254627,0.5781890739595308,0.09309457837358603,0.6741327310776629
chd,HRSN + Covariates,0,State-Blocked (LOSO),58701,1427,0.39890304343967586,0.3072816529850167,0.8480016257964402,0.8506107193520771
chd,HRSN + Covariates,1,State-Blocked (LOSO),59955,173,0.43656920492963336,0.32933452695834664,0.7261534375514888,0.8521942947472967
chd,HRSN + Covariates,2,State-Blocked (LOSO),58398,1730,0.45293478879474536,0.3610935518794601,0.885027522095367,0.8499622266395842
chd,HRSN + Covariates,3,State-Blocked (LOSO),59309,819,0.6844511859100062,0.5727629743442585,0.6037180969270706,0.8541241154273309
chd,HRSN + Covariates,4,State-Blocked (LOSO),51108,9020,0.43143869808138385,0.3475883325426815,0.7158562436687987,0.8504918770313918
chd,HRSN + Covariates,5,State-Blocked (LOSO),59256,872,0.321394253351009,0.24773859650342556,0.7175661803253519,0.8524792823255651
chd,HRSN + Covariates,6,State-Blocked (LOSO),59872,256,0.34427293105828427,0.27027506529304046,0.837453694999608,0.851984649721538
chd,HRSN + Covariates,7,State-Blocked (LOSO),59925,203,0.5292165772883092,0.39037422506020464,0.5685697873747985,0.8517384026235728
chd,HRSN + Covariates,8,State-Blocked (LOSO),57349,2779,0.38230692276036266,0.2959227087009994,0.8579875093872275,0.8513328915405891
chd,HRSN + Covariates,9,State-Blocked (LOSO),59712,416,0.8764507746825716,0.7889807057042628,-0.10640621173167464,0.8558945102583593
chd,HRSN + Covariates,10,State-Blocked (LOSO),59676,452,0.3921770524041747,0.297666282717782,0.7797863143571329,0.8523435522770038
chd,HRSN + Covariates,11,State-Blocked (LOSO),56872,3256,0.4455932837381229,0.34118540546669895,0.7601398627231083,0.8549946257546759
chd,HRSN + Covariates,12,State-Blocked (LOSO),58447,1681,0.3686420611884574,0.27810596048348,0.8041794484261725,0.8524571768531625
chd,HRSN + Covariates,13,State-Blocked (LOSO),59236,892,0.3188593638566785,0.24074971169388273,0.8270910716613904,0.8520801158599837
chd,HRSN + Covariates,14,State-Blocked (LOSO),59313,815,0.3426774096527536,0.25800816193384685,0.8293133267514442,0.852145919910661
chd,HRSN + Covariates,15,State-Blocked (LOSO),58766,1362,0.415823928208877,0.3222809440018942,0.847644604609695,0.8505428304329616
chd,HRSN + Covariates,16,State-Blocked (LOSO),59728,400,0.5068604930622516,0.4053229108489096,0.6576140195167148,0.8524375770573578
chd,HRSN + Covariates,17,State-Blocked (LOSO),58673,1455,0.29982260528260973,0.22854128474626534,0.877005303546387,0.8511356424411854
chd,HRSN + Covariates,18,State-Blocked (LOSO),58541,1587,0.3005135311419032,0.22525120371972598,0.8665343387827684,0.851257736557246
chd,HRSN + Covariates,19,State-Blocked (LOSO),57247,2881,0.479979646472121,0.3644502460468485,0.7358863051693074,0.8553099984559973
chd,HRSN + Covariates,20,State-Blocked (LOSO),58631,1497,0.30154147431278217,0.2337442970744644,0.8711396487065421,0.8514694319613034
chd,HRSN + Covariates,21,State-Blocked (LOSO),59259,869,0.8399472671078372,0.7281157513025286,0.26272537925870687,0.8578219652629442
chd,HRSN + Covariates,22,State-Blocked (LOSO),58482,1646,0.4078760078902123,0.30818994219936907,0.8347017505489339,0.8519290715397163
chd,HRSN + Covariates,23,State-Blocked (LOSO),59813,315,0.39441143533157674,0.3028918880597917,0.8043023319673493,0.8521162972746057
chd,HRSN + Covariates,24,State-Blocked (LOSO),59581,547,0.46827522714523506,0.39268465158835875,0.6880859508374217,0.8529799247386267
chd,HRSN + Covariates,25,State-Blocked (LOSO),59360,768,0.33450656183665417,0.2529673962094411,0.8837723110660944,0.8515634539829409
chd,HRSN + Covariates,26,State-Blocked (LOSO),59781,347,0.36228398000389406,0.2907992119608968,0.6850337474682364,0.852343664545271
chd,HRSN + Covariates,27,State-Blocked (LOSO),57968,2160,0.2920724067796518,0.22370584450164324,0.8591234682597976,0.8505861298124485
chd,HRSN + Covariates,28,State-Blocked (LOSO),59531,597,0.43339225054591923,0.32363724650083425,0.8039502838426603,0.8520782440351835
chd,HRSN + Covariates,29,State-Blocked (LOSO),54903,5225,0.35134106812264054,0.26410942416311056,0.8125779673641298,0.8533855423975235
chd,HRSN + Covariates,30,State-Blocked (LOSO),57490,2638,0.3675013173259878,0.27330690611739855,0.8817017428501965,0.8500788425143633
chd,HRSN + Covariates,31,State-Blocked (LOSO),59900,228,0.4076780301392033,0.31704186303315585,0.8124639616380311,0.8521029619361927
chd,HRSN + Covariates,32,State-Blocked (LOSO),56979,3149,0.38505161884065653,0.2792941065215433,0.8385485532231114,0.8506081075154539
chd,HRSN + Covariates,33,State-Blocked (LOSO),58938,1190,0.43186138677497277,0.34416848366219066,0.8060655360608139,0.851661758740278
chd,HRSN + Covariates,34,State-Blocked (LOSO),59882,246,0.3154485084553788,0.2343898544186303,0.7413034552985704,0.8521406426620022
chd,HRSN + Covariates,35,State-Blocked (LOSO),58827,1301,0.3838348557102344,0.3000774969621344,0.8429322363564739,0.8517106489652883
chd,HRSN + Covariates,36,State-Blocked (LOSO),59424,704,0.492637372436441,0.4152089556376083,0.5053064319314171,0.8524737631472304
chd,HRSN + Covariates,37,State-Blocked (LOSO),57971,2157,0.3278720513076825,0.2471718324469906,0.9094576012400634,0.8492879173365246
chd,HRSN + Covariates,38,State-Blocked (LOSO),59583,545,0.38837638483232484,0.28627583482561775,0.8379483593336143,0.8500021077744101
chd,HRSN + Covariates,39,State-Blocked (LOSO),58605,1523,0.4301825250240683,0.32994670472816817,0.7173567788293107,0.8537652038690702
chd,SVI + Covariates,0,State-Blocked (LOSO),58701,1427,0.6003878031822892,0.4426114753899977,0.6556754685696201,0.7653802673991641
chd,SVI + Covariates,1,State-Blocked (LOSO),59955,173,0.4498486437463796,0.36243245877498786,0.7092404895894034,0.7649697842365863
chd,SVI + Covariates,2,State-Blocked (LOSO),58398,1730,0.5331192754827297,0.3881217257558305,0.840716311606798,0.7607132521517959
chd,SVI + Covariates,3,State-Blocked (LOSO),59309,819,0.6505833601865733,0.49898879958113346,0.6419652487286884,0.7644060367479679
chd,SVI + Covariates,4,State-Blocked (LOSO),51108,9020,0.4229531057415939,0.31366455030658164,0.72692347942038,0.7594888137844032
chd,SVI + Covariates,5,State-Blocked (LOSO),59256,872,0.4214396002638813,0.32087622925882536,0.5143636705728085,0.7659064957627668
chd,SVI + Covariates,6,State-Blocked (LOSO),59872,256,0.40437611362511044,0.3203090822991217,0.7757448963693853,0.764808601151348
chd,SVI + Covariates,7,State-Blocked (LOSO),59925,203,0.5460508851929402,0.4021088382841752,0.5406857634755746,0.7640384890271701
chd,SVI + Covariates,8,State-Blocked (LOSO),57349,2779,0.514847337706102,0.3907257154646002,0.7424514184550836,0.7658061393704866
chd,SVI + Covariates,9,State-Blocked (LOSO),59712,416,0.48330620937755037,0.38859275951734645,0.6635625778676686,0.7652467681887157
chd,SVI + Covariates,10,State-Blocked (LOSO),59676,452,0.4590097234558142,0.3425700403629108,0.6983358366346158,0.765240882420781
chd,SVI + Covariates,11,State-Blocked (LOSO),56872,3256,0.4512199955267929,0.3344674320287617,0.7540439673273792,0.7644631019882902
chd,SVI + Covariates,12,State-Blocked (LOSO),58447,1681,0.4533196976124484,0.33028956408758936,0.7038868604445674,0.7654698242701099
chd,SVI + Covariates,13,State-Blocked (LOSO),59236,892,0.39084264612793457,0.2868344354196416,0.7402096839042841,0.7649403496563854
chd,SVI + Covariates,14,State-Blocked (LOSO),59313,815,0.4574794738043091,0.3471256996254204,0.6957911186929234,0.7654877664805368
chd,SVI + Covariates,15,State-Blocked (LOSO),58766,1362,0.650771962182963,0.4892047774987541,0.6268387389059449,0.7660271698325489
chd,SVI + Covariates,16,State-Blocked (LOSO),59728,400,0.4493538411082134,0.33971792268284495,0.7308985691807572,0.7643538425386593
chd,SVI + Covariates,17,State-Blocked (LOSO),58673,1455,0.4211036474270441,0.3206785571009799,0.7573749465716176,0.7644138599606698
chd,SVI + Covariates,18,State-Blocked (LOSO),58541,1587,0.40689023921708517,0.3032235498024697,0.7553213798176326,0.7643614536416725
chd,SVI + Covariates,19,State-Blocked (LOSO),57247,2881,0.4815659180989785,0.3481332134266662,0.7341376961952368,0.7646366816894616
chd,SVI + Covariates,20,State-Blocked (LOSO),58631,1497,0.3970646291756677,0.30003627715507003,0.7765668510875897,0.7644150992910811
chd,SVI + Covariates,21,State-Blocked (LOSO),59259,869,0.6288127869660947,0.4708264241064784,0.5867927140344817,0.765666264995076
chd,SVI + Covariates,22,State-Blocked (LOSO),58482,1646,0.4876330238904704,0.3592804440652178,0.7637356729496871,0.7642189597904852
chd,SVI + Covariates,23,State-Blocked (LOSO),59813,315,0.47008935272912383,0.36279325442991117,0.7219982794123045,0.7649855399363265
chd,SVI + Covariates,24,State-Blocked (LOSO),59581,547,0.38635934409552974,0.29117318704785705,0.7876680195830426,0.7647342398965207
chd,SVI + Covariates,25,State-Blocked (LOSO),59360,768,0.4511678065292584,0.3498432975490878,0.7885651730550909,0.7645902168700287
chd,SVI + Covariates,26,State-Blocked (LOSO),59781,347,0.43732560775090173,0.34643521490055684,0.541039215152255,0.7653831977504584
chd,SVI + Covariates,27,State-Blocked (LOSO),57968,2160,0.4310509136095213,0.33226823844800424,0.6931580513596662,0.7645154008163819
chd,SVI + Covariates,28,State-Blocked (LOSO),59531,597,0.7432259586754173,0.5676440300592225,0.4234384525584052,0.7675262375298619
chd,SVI + Covariates,29,State-Blocked (LOSO),54903,5225,0.48344501920365784,0.36646222492288916,0.6451400480523303,0.7704134697281795
chd,SVI + Covariates,30,State-Blocked (LOSO),57490,2638,0.5085214757994725,0.37955345832497217,0.773494295859666,0.7639947157315965
chd,SVI + Covariates,31,State-Blocked (LOSO),59900,228,0.46898959877395985,0.35730741488356954,0.751814420458732,0.7649334015391044
chd,SVI + Covariates,32,State-Blocked (LOSO),56979,3149,0.5354574432897388,0.3826034155266558,0.6877848637702421,0.7656882284852444
chd,SVI + Covariates,33,State-Blocked (LOSO),58938,1190,0.6668472455540226,0.5301054632755409,0.5375987842002912,0.7672669810498832
chd,SVI + Covariates,34,State-Blocked (LOSO),59882,246,0.42398652363111106,0.3090820541457612,0.5326548100526308,0.765249565474107
chd,SVI + Covariates,35,State-Blocked (LOSO),58827,1301,0.5091501186337539,0.3860482510250908,0.7236306108533166,0.7650614971772199
chd,SVI + Covariates,36,State-Blocked (LOSO),59424,704,0.5185493636380457,0.397039516466061,0.45189752310361075,0.764523996450891
chd,SVI + Covariates,37,State-Blocked (LOSO),57971,2157,0.4714251676724962,0.3565199053625596,0.8128159977092355,0.7625798837920643
chd,SVI + Covariates,38,State-Blocked (LOSO),59583,545,0.6801841643849341,0.5205066577082443,0.5029491324224366,0.7637943159551284
chd,SVI + Covariates,39,State-Blocked (LOSO),58605,1523,0.415041902937598,0.2936297493464746,0.736902369742912,0.7652576083818174
chd,HRSN + SVI + Covariates,0,State-Blocked (LOSO),58701,1427,0.3938964189364557,0.3025224825364737,0.8517931393310944,0.8585894035338406
chd,HRSN + SVI + Covariates,1,State-Blocked (LOSO),59955,173,0.440856153544695,0.32666773808503907,0.7207488873192582,0.8600245743126511
chd,HRSN + SVI + Covariates,2,State-Blocked (LOSO),58398,1730,0.4608564044271781,0.3682661085686954,0.8809707251778469,0.8583216776316125
chd,HRSN + SVI + Covariates,3,State-Blocked (LOSO),59309,819,0.6525522637085823,0.5403309361011689,0.6397948809539634,0.8615411112564529
chd,HRSN + SVI + Covariates,4,State-Blocked (LOSO),51108,9020,0.4437548474642111,0.35987642150306837,0.6994019600857797,0.8599239418125995
chd,HRSN + SVI + Covariates,5,State-Blocked (LOSO),59256,872,0.332095931273538,0.25489504128165485,0.6984442632521008,0.8604300060869579
chd,HRSN + SVI + Covariates,6,State-Blocked (LOSO),59872,256,0.3229907695486825,0.25271418038418125,0.8569290140851911,0.8597562558360875
chd,HRSN + SVI + Covariates,7,State-Blocked (LOSO),59925,203,0.5378157222335502,0.41311123854362297,0.5544354155779503,0.8596328870858865
chd,HRSN + SVI + Covariates,8,State-Blocked (LOSO),57349,2779,0.3767067900377146,0.2927371175139168,0.8621175104340237,0.8593025680877864
chd,HRSN + SVI + Covariates,9,State-Blocked (LOSO),59712,416,0.7693829499165448,0.6742374824150932,0.14740130708935295,0.8625641086513812
chd,HRSN + SVI + Covariates,10,State-Blocked (LOSO),59676,452,0.3810842910803839,0.29336487210496837,0.7920676589716661,0.8601237908994529
chd,HRSN + SVI + Covariates,11,State-Blocked (LOSO),56872,3256,0.4331216616940247,0.33352225142787845,0.7733787583848852,0.8625440330254541
chd,HRSN + SVI + Covariates,12,State-Blocked (LOSO),58447,1681,0.3592945692147351,0.27454061652735834,0.8139842130670134,0.8602325435114464
chd,HRSN + SVI + Covariates,13,State-Blocked (LOSO),59236,892,0.3156935194951981,0.23853496205643668,0.8305075325293261,0.8599267642595005
chd,HRSN + SVI + Covariates,14,State-Blocked (LOSO),59313,815,0.32978541665811895,0.2461001580789662,0.84191467476268,0.8599084816809336
chd,HRSN + SVI + Covariates,15,State-Blocked (LOSO),58766,1362,0.41381913710726237,0.3186814395021637,0.8491101500831951,0.858591892841785
chd,HRSN + SVI + Covariates,16,State-Blocked (LOSO),59728,400,0.43209519597300294,0.3377510723445296,0.7511727351218767,0.8598588412000752
chd,HRSN + SVI + Covariates,17,State-Blocked (LOSO),58673,1455,0.29381659948471406,0.22479381303911683,0.8818835749593471,0.8590098440342441
chd,HRSN + SVI + Covariates,18,State-Blocked (LOSO),58541,1587,0.30017355546791114,0.22533526918188204,0.8668361515576262,0.8592210384168316
chd,HRSN + SVI + Covariates,19,State-Blocked (LOSO),57247,2881,0.46314657034457707,0.35442324562626026,0.7540866066842086,0.8627498005012191
chd,HRSN + SVI + Covariates,20,State-Blocked (LOSO),58631,1497,0.2873508364777259,0.21994093208814483,0.8829826834496889,0.859208654402489
chd,HRSN + SVI + Covariates,21,State-Blocked (LOSO),59259,869,0.8173689579140779,0.703093541561134,0.30182945629630864,0.8651938669367306
chd,HRSN + SVI + Covariates,22,State-Blocked (LOSO),58482,1646,0.3868170102288422,0.2921996901438555,0.8513300956129938,0.8595067022180303
chd,HRSN + SVI + Covariates,23,State-Blocked (LOSO),59813,315,0.3981856046113688,0.30714179021491883,0.8005391044500207,0.8599710731093679
chd,HRSN + SVI + Covariates,24,State-Blocked (LOSO),59581,547,0.46364020744928325,0.3869115852122136,0.6942300845545514,0.8607961761587194
chd,HRSN + SVI + Covariates,25,State-Blocked (LOSO),59360,768,0.3237558566366132,0.24504730290888424,0.8911231402938298,0.8593760153851004
chd,HRSN + SVI + Covariates,26,State-Blocked (LOSO),59781,347,0.3764383120004565,0.3077236455401059,0.6599416858424965,0.860226088986532
chd,HRSN + SVI + Covariates,27,State-Blocked (LOSO),57968,2160,0.2876434780707778,0.21989867033351354,0.8633635231867517,0.8585323545566412
chd,HRSN + SVI + Covariates,28,State-Blocked (LOSO),59531,597,0.4471537256050111,0.3279678641030472,0.7913023099898451,0.860083459045535
chd,HRSN + SVI + Covariates,29,State-Blocked (LOSO),54903,5225,0.34966438159393576,0.2627602224508535,0.8143625475976379,0.8615617224025138
chd,HRSN + SVI + Covariates,30,State-Blocked (LOSO),57490,2638,0.3599462909514371,0.27173796797139627,0.88651565600499,0.8580581260202209
chd,HRSN + SVI + Covariates,31,State-Blocked (LOSO),59900,228,0.4040305227259845,0.3082834699004903,0.8158047304841529,0.8599230011142487
chd,HRSN + SVI + Covariates,32,State-Blocked (LOSO),56979,3149,0.3768566744175372,0.2773914678949423,0.8453476738663218,0.8585422989972665
chd,HRSN + SVI + Covariates,33,State-Blocked (LOSO),58938,1190,0.4236526768496387,0.3374531566432945,0.8133679812570679,0.8595154214773184
chd,HRSN + SVI + Covariates,34,State-Blocked (LOSO),59882,246,0.3164320478983454,0.23080218579948783,0.739687756341787,0.8599617412769143
chd,HRSN + SVI + Covariates,35,State-Blocked (LOSO),58827,1301,0.3753441326784178,0.2950288669793881,0.8498042987533525,0.8595594996486781
chd,HRSN + SVI + Covariates,36,State-Blocked (LOSO),59424,704,0.4658447830866937,0.3877390489524027,0.557652042872048,0.8601101046255224
chd,HRSN + SVI + Covariates,37,State-Blocked (LOSO),57971,2157,0.3209608385614026,0.24448601408141168,0.9132344563023606,0.8572709700737158
chd,HRSN + SVI + Covariates,38,State-Blocked (LOSO),59583,545,0.3797352105465002,0.27565586350750526,0.8450792682390215,0.8579239504588382
chd,HRSN + SVI + Covariates,39,State-Blocked (LOSO),58605,1523,0.39569963963454213,0.30140451276632335,0.7608533207864889,0.8610500737918941
chd,Covariates Only,0,State-Blocked (LOSO),58701,1427,0.6122332240340493,0.4525394424856762,0.641954655957766,0.7495891625263744
chd,Covariates Only,1,State-Blocked (LOSO),59955,173,0.4581278840720069,0.37280288723307303,0.6984394338089954,0.7493524536889176
chd,Covariates Only,2,State-Blocked (LOSO),58398,1730,0.5438240819810025,0.39787747798711276,0.8342553937936406,0.7446159611058019
chd,Covariates Only,3,State-Blocked (LOSO),59309,819,0.6803264802347129,0.5235479886379362,0.6084799298181056,0.7489279893280123
chd,Covariates Only,4,State-Blocked (LOSO),51108,9020,0.43699167146790013,0.32575246652049605,0.7084948419437029,0.743752144563016
chd,Covariates Only,5,State-Blocked (LOSO),59256,872,0.42842605057405847,0.32635416024975683,0.498128855859017,0.7502842627526958
chd,Covariates Only,6,State-Blocked (LOSO),59872,256,0.429142246833341,0.34271420023307536,0.7474345799926085,0.7492395997065256
chd,Covariates Only,7,State-Blocked (LOSO),59925,203,0.5525782905189822,0.40568148570650403,0.529638991604849,0.7483360399137752
chd,Covariates Only,8,State-Blocked (LOSO),57349,2779,0.5317582115372304,0.40257339088689253,0.7252544734611827,0.7502802367015329
chd,Covariates Only,9,State-Blocked (LOSO),59712,416,0.6066801105396713,0.49730714850183383,0.46987405289458506,0.7504927541617047
chd,Covariates Only,10,State-Blocked (LOSO),59676,452,0.4734282442217674,0.3532073216387416,0.6790862855481072,0.7496555728107792
chd,Covariates Only,11,State-Blocked (LOSO),56872,3256,0.4614331895249589,0.3408288929027554,0.7427837140167948,0.7486230353809213
chd,Covariates Only,12,State-Blocked (LOSO),58447,1681,0.4766340196235715,0.3451957678975447,0.6726453067863192,0.7501291706364409
chd,Covariates Only,13,State-Blocked (LOSO),59236,892,0.4053985478057051,0.2955039733187852,0.7204989486787483,0.7493614484011435
chd,Covariates Only,14,State-Blocked (LOSO),59313,815,0.4822188610952438,0.3642511927402214,0.6619997284408727,0.7500490493171718
chd,Covariates Only,15,State-Blocked (LOSO),58766,1362,0.6482318623385236,0.4903786319147118,0.6297461075523165,0.7497967568008954
chd,Covariates Only,16,State-Blocked (LOSO),59728,400,0.4854448827787615,0.3706817490743833,0.6859354306976198,0.7488495679934268
chd,Covariates Only,17,State-Blocked (LOSO),58673,1455,0.440959043554739,0.3369940926604241,0.7339555854434274,0.7489068911323343
chd,Covariates Only,18,State-Blocked (LOSO),58541,1587,0.4263459864627922,0.3161274351168584,0.7313629949172978,0.7488595076409013
chd,Covariates Only,19,State-Blocked (LOSO),57247,2881,0.49695869845222235,0.3577320728749483,0.7168700116690094,0.7490079859395492
chd,Covariates Only,20,State-Blocked (LOSO),58631,1497,0.4071555008331977,0.30640751338623806,0.7650660305861168,0.7487252379461045
chd,Covariates Only,21,State-Blocked (LOSO),59259,869,0.6354008276561784,0.4758646757417324,0.5780890528293412,0.7498550041397855
chd,Covariates Only,22,State-Blocked (LOSO),58482,1646,0.5103523490783579,0.3748864226726481,0.7412072112398136,0.7487642219792661
chd,Covariates Only,23,State-Blocked (LOSO),59813,315,0.46150281126907927,0.35605436520186073,0.732061355406536,0.7492695887926366
chd,Covariates Only,24,State-Blocked (LOSO),59581,547,0.40373337933967846,0.3030007230889827,0.768142107459537,0.7491540536819874
chd,Covariates Only,25,State-Blocked (LOSO),59360,768,0.4719128740091754,0.3680658323549313,0.7686742547907579,0.7490410039838584
chd,Covariates Only,26,State-Blocked (LOSO),59781,347,0.42719629625252936,0.33563474885857864,0.5620538423975627,0.7496895245109472
chd,Covariates Only,27,State-Blocked (LOSO),57968,2160,0.4277217621837057,0.3304785608211086,0.6978794357453573,0.7483447909587403
chd,Covariates Only,28,State-Blocked (LOSO),59531,597,0.7086093951988415,0.5381975878731374,0.47589567051235704,0.7512673350628905
chd,Covariates Only,29,State-Blocked (LOSO),54903,5225,0.4958910521661183,0.3748826402333045,0.6266334962658457,0.7549933893976852
chd,Covariates Only,30,State-Blocked (LOSO),57490,2638,0.532226248124925,0.39252486781996143,0.7518849408564517,0.7486823766690851
chd,Covariates Only,31,State-Blocked (LOSO),59900,228,0.484742662279384,0.37522858110318447,0.7348616134162596,0.7493328145413074
chd,Covariates Only,32,State-Blocked (LOSO),56979,3149,0.5543634841639375,0.39540107658997964,0.6653481230290327,0.7502274335823349
chd,Covariates Only,33,State-Blocked (LOSO),58938,1190,0.6692252995709922,0.532841896866109,0.5342949518669746,0.7514196195375327
chd,Covariates Only,34,State-Blocked (LOSO),59882,246,0.42539451437145775,0.31130267758724867,0.5295457004536809,0.7496242419760601
chd,Covariates Only,35,State-Blocked (LOSO),58827,1301,0.5251003230526344,0.39755887103662696,0.7060436738294292,0.7494557931522993
chd,Covariates Only,36,State-Blocked (LOSO),59424,704,0.5316314168112192,0.4052831489965678,0.4238934289363373,0.7488483406277773
chd,Covariates Only,37,State-Blocked (LOSO),57971,2157,0.4953708380560767,0.37064625022093756,0.7933173250680295,0.747141773262199
chd,Covariates Only,38,State-Blocked (LOSO),59583,545,0.7166553974087035,0.5548672809453395,0.44821669669982056,0.7483044004609845
chd,Covariates Only,39,State-Blocked (LOSO),58605,1523,0.4375612630977485,0.30889518458352433,0.707577503967936,0.7498787399366443
copd,HRSN + Covariates,0,State-Blocked (LOSO),58701,1427,0.34300633483833465,0.2561810564565431,0.8915240253489649,0.8930268732295029
copd,HRSN + Covariates,1,State-Blocked (LOSO),59955,173,0.2542491224097555,0.1926472448052843,0.8789240678047605,0.8940976868722219
copd,HRSN + Covariates,2,State-Blocked (LOSO),58398,1730,0.36672662428090813,0.2491380343644285,0.8718378805124107,0.8946510225980383
copd,HRSN + Covariates,3,State-Blocked (LOSO),59309,819,0.49162043656052384,0.39414929390737913,0.758984383557293,0.8947003188216808
copd,HRSN + Covariates,4,State-Blocked (LOSO),51108,9020,0.2968956175340541,0.2356914105889147,0.783256193878625,0.8901623086872261
copd,HRSN + Covariates,5,State-Blocked (LOSO),59256,872,0.32982886340553336,0.2519357260285544,0.6649353442398689,0.8948250741117729
copd,HRSN + Covariates,6,State-Blocked (LOSO),59872,256,0.27259453540664413,0.2102509277157255,0.8413023392249521,0.894182694988676
copd,HRSN + Covariates,7,State-Blocked (LOSO),59925,203,0.35349921565703524,0.24110455319058552,0.840242280060058,0.8939046633739938
copd,HRSN + Covariates,8,State-Blocked (LOSO),57349,2779,0.29538069963287633,0.22255893023097423,0.9129025511242039,0.8930986389208886
copd,HRSN + Covariates,9,State-Blocked (LOSO),59712,416,0.9150724192550579,0.8414078931275911,-0.98227337767733,0.8985222203361518
copd,HRSN + Covariates,10,State-Blocked (LOSO),59676,452,0.2892863366170526,0.2196499947366825,0.8088930694017737,0.89435809410168
copd,HRSN + Covariates,11,State-Blocked (LOSO),56872,3256,0.2836217220306278,0.20491933710664473,0.904012273131604,0.893431181861616
copd,HRSN + Covariates,12,State-Blocked (LOSO),58447,1681,0.3789742012522505,0.2839608922858666,0.8362439463881741,0.89414673288816
copd,HRSN + Covariates,13,State-Blocked (LOSO),59236,892,0.2729700380380516,0.21477316236469762,0.830658131375908,0.8944455995714178
copd,HRSN + Covariates,14,State-Blocked (LOSO),59313,815,0.2642500181418291,0.19947555923820162,0.8791481217052454,0.894178361913895
copd,HRSN + Covariates,15,State-Blocked (LOSO),58766,1362,0.36119382096904623,0.27234389543706844,0.9026012702282173,0.8922316735994216
copd,HRSN + Covariates,16,State-Blocked (LOSO),59728,400,0.4559637892752151,0.3713825401448306,0.7075831332781382,0.8945745334033492
copd,HRSN + Covariates,17,State-Blocked (LOSO),58673,1455,0.25599444475966704,0.19511539832898647,0.9096828478369484,0.8935725220601146
copd,HRSN + Covariates,18,State-Blocked (LOSO),58541,1587,0.256553435191341,0.1886195395937823,0.8860553355696182,0.8938855843404642
copd,HRSN + Covariates,19,State-Blocked (LOSO),57247,2881,0.336208681357555,0.23795555174695485,0.8941159748631876,0.8918442787875009
copd,HRSN + Covariates,20,State-Blocked (LOSO),58631,1497,0.3522535337864817,0.3003603355298488,0.662392114131646,0.8953948283562987
copd,HRSN + Covariates,21,State-Blocked (LOSO),59259,869,0.7846577485574328,0.6896733578117622,0.4123277604704537,0.8991931337937837
copd,HRSN + Covariates,22,State-Blocked (LOSO),58482,1646,0.45195991338580743,0.33629610457397713,0.8106061414341965,0.8952737207707258
copd,HRSN + Covariates,23,State-Blocked (LOSO),59813,315,0.2739499562160074,0.2025024509912352,0.870918750278081,0.8941191096064132
copd,HRSN + Covariates,24,State-Blocked (LOSO),59581,547,0.4227404852645048,0.3757600465458792,0.5871329539572371,0.8952196865059433
copd,HRSN + Covariates,25,State-Blocked (LOSO),59360,768,0.3542038613061246,0.2732062351112951,0.8084560750390697,0.8947281145588455
copd,HRSN + Covariates,26,State-Blocked (LOSO),59781,347,0.23689287247865556,0.18831680233253126,0.8263129081039897,0.8941886314340634
copd,HRSN + Covariates,27,State-Blocked (LOSO),57968,2160,0.2453914687697199,0.19222120344224514,0.8491992765714373,0.8932053855853899
copd,HRSN + Covariates,28,State-Blocked (LOSO),59531,597,0.49519556566047723,0.41703927310570776,0.7115521271425506,0.8954512728307786
copd,HRSN + Covariates,29,State-Blocked (LOSO),54903,5225,0.2756239502385768,0.21069831629378602,0.8811557298410144,0.8938907926463315
copd,HRSN + Covariates,30,State-Blocked (LOSO),57490,2638,0.30758332737036853,0.22454493240348009,0.9047179874852713,0.8932427624674067
copd,HRSN + Covariates,31,State-Blocked (LOSO),59900,228,0.33134209878996934,0.2834641854282481,0.7385572756443259,0.8943121194303751
copd,HRSN + Covariates,32,State-Blocked (LOSO),56979,3149,0.34145326487159033,0.2453680134803093,0.8977111317011646,0.891290810091439
copd,HRSN + Covariates,33,State-Blocked (LOSO),58938,1190,0.2921218384679386,0.22144270558540607,0.9075413248007951,0.8930371332686939
copd,HRSN + Covariates,34,State-Blocked (LOSO),59882,246,0.2604472987635249,0.20255471188364924,0.7914017205179867,0.8942128537414389
copd,HRSN + Covariates,35,State-Blocked (LOSO),58827,1301,0.31784164058706715,0.2406119304749729,0.8922875940082912,0.8935921631805069
copd,HRSN + Covariates,36,State-Blocked (LOSO),59424,704,0.571258105290989,0.5289480063187258,-0.41830219434712124,0.8965531830757705
copd,HRSN + Covariates,37,State-Blocked (LOSO),57971,2157,0.26627219940650526,0.193175485789455,0.9290123747584631,0.8926773851457691
copd,HRSN + Covariates,38,State-Blocked (LOSO),59583,545,0.39495404816681534,0.29487040676492426,0.8740626322591634,0.8919989035888344
copd,HRSN + Covariates,39,State-Blocked (LOSO),58605,1523,0.4227458228865519,0.36049986519336513,0.6271719185650076,0.8967282458175834
copd,SVI + Covariates,0,State-Blocked (LOSO),58701,1427,0.545783030930364,0.39118061445964414,0.7253564926213047,0.7874547142321078
copd,SVI + Covariates,1,State-Blocked (LOSO),59955,173,0.38171350006164023,0.30736685626263927,0.7270934644743424,0.7880753519837675
copd,SVI + Covariates,2,State-Blocked (LOSO),58398,1730,0.5005024147899442,0.34901285853862896,0.7612809080993819,0.7887374174047384
copd,SVI + Covariates,3,State-Blocked (LOSO),59309,819,0.5571620687312195,0.41456800339582095,0.6904374528005478,0.7871319479614656
copd,SVI + Covariates,4,State-Blocked (LOSO),51108,9020,0.3820429235635945,0.2932182585300269,0.6411082781416917,0.7794668204499179
copd,SVI + Covariates,5,State-Blocked (LOSO),59256,872,0.40080148297476953,0.3040797869625832,0.5052224999495529,0.7887054303885073
copd,SVI + Covariates,6,State-Blocked (LOSO),59872,256,0.34124535000341527,0.2490344012889545,0.751303474052756,0.7880602806636127
copd,SVI + Covariates,7,State-Blocked (LOSO),59925,203,0.4945361872260029,0.39956899974829396,0.6873336837004826,0.7876234835943635
copd,SVI + Covariates,8,State-Blocked (LOSO),57349,2779,0.4939097795302579,0.37606407395101693,0.7564789791740008,0.7893644522670665
copd,SVI + Covariates,9,State-Blocked (LOSO),59712,416,0.5044075456384507,0.40091545305077825,0.3976959735986997,0.788460240735415
copd,SVI + Covariates,10,State-Blocked (LOSO),59676,452,0.4098062057846618,0.3099148214166372,0.6164891500873382,0.7885542663516096
copd,SVI + Covariates,11,State-Blocked (LOSO),56872,3256,0.4050005820843839,0.2949622506252387,0.8042742243739269,0.7870697635311881
copd,SVI + Covariates,12,State-Blocked (LOSO),58447,1681,0.5437576088744007,0.38653810208271644,0.6628767031894764,0.788502093691223
copd,SVI + Covariates,13,State-Blocked (LOSO),59236,892,0.36296345663104085,0.27154747688315345,0.7005942120442921,0.7884777718869384
copd,SVI + Covariates,14,State-Blocked (LOSO),59313,815,0.3934703266953841,0.28633516792101577,0.7320539711590452,0.7884101174344542
copd,SVI + Covariates,15,State-Blocked (LOSO),58766,1362,0.6030026458895255,0.4415733817667836,0.7285367124272089,0.786719233135492
copd,SVI + Covariates,16,State-Blocked (LOSO),59728,400,0.432550541345024,0.3135121092858779,0.7368426946765276,0.7875903223163265
copd,SVI + Covariates,17,State-Blocked (LOSO),58673,1455,0.38093424797966097,0.2849624058486332,0.8000095798498587,0.7873437036738384
copd,SVI + Covariates,18,State-Blocked (LOSO),58541,1587,0.3726401728681424,0.2709757283723957,0.759609295190272,0.7877938135339295
copd,SVI + Covariates,19,State-Blocked (LOSO),57247,2881,0.5345959952009235,0.3743390401818528,0.7322903675023544,0.7866752245052597
copd,SVI + Covariates,20,State-Blocked (LOSO),58631,1497,0.5350542064227538,0.4522991134969387,0.22107179399496568,0.7917523783510402
copd,SVI + Covariates,21,State-Blocked (LOSO),59259,869,0.5696619945754106,0.4249746728108717,0.6902515565156564,0.7874485425679435
copd,SVI + Covariates,22,State-Blocked (LOSO),58482,1646,0.523488583862771,0.37316240995562566,0.7459141447812064,0.7870754139426863
copd,SVI + Covariates,23,State-Blocked (LOSO),59813,315,0.38938240331285445,0.2887313232433973,0.7392205690333613,0.7880774344798251
copd,SVI + Covariates,24,State-Blocked (LOSO),59581,547,0.3938030108133358,0.3091118242298342,0.641721620488446,0.7885030980483659
copd,SVI + Covariates,25,State-Blocked (LOSO),59360,768,0.4505722774237283,0.3224303351090157,0.6900506469859949,0.7887440167756276
copd,SVI + Covariates,26,State-Blocked (LOSO),59781,347,0.32576838676963993,0.25843499765755606,0.6715408006422354,0.788172066212167
copd,SVI + Covariates,27,State-Blocked (LOSO),57968,2160,0.4187535441230992,0.3266416484494003,0.5608615180213878,0.7882432870562449
copd,SVI + Covariates,28,State-Blocked (LOSO),59531,597,0.5284794038039864,0.3831170959798671,0.6714738234184181,0.7889638949222445
copd,SVI + Covariates,29,State-Blocked (LOSO),54903,5225,0.42911601661073706,0.33041193004493924,0.7119328128646604,0.7905097981298115
copd,SVI + Covariates,30,State-Blocked (LOSO),57490,2638,0.4668343031369576,0.34071407832710643,0.7805119594420885,0.7877789269262314
copd,SVI + Covariates,31,State-Blocked (LOSO),59900,228,0.4936214614846318,0.3998705841578016,0.41975502269906073,0.7885468938611648
copd,SVI + Covariates,32,State-Blocked (LOSO),56979,3149,0.5441453592000811,0.3661286550463348,0.7402259928914304,0.7860817971955559
copd,SVI + Covariates,33,State-Blocked (LOSO),58938,1190,0.5496701145225686,0.4095646071535046,0.6726413160518568,0.7884559830012681
copd,SVI + Covariates,34,State-Blocked (LOSO),59882,246,0.3553810422688134,0.2598098093324254,0.6116176184201639,0.7882202580201696
copd,SVI + Covariates,35,State-Blocked (LOSO),58827,1301,0.4796463628671398,0.3533992471609213,0.7547062680991432,0.7877514813938444
copd,SVI + Covariates,36,State-Blocked (LOSO),59424,704,0.5267538868924273,0.4200682561045761,-0.20592284488853263,0.788997296792779
copd,SVI + Covariates,37,State-Blocked (LOSO),57971,2157,0.4280647785887284,0.3212245172493582,0.8165363677973508,0.7867318116671179
copd,SVI + Covariates,38,State-Blocked (LOSO),59583,545,0.8647029189316284,0.6514526039496096,0.39633593681637225,0.7878151841831973
copd,SVI + Covariates,39,State-Blocked (LOSO),58605,1523,0.4388257045778543,0.3377508360709118,0.5982701676877106,0.7901931883851168
copd,HRSN + SVI + Covariates,0,State-Blocked (LOSO),58701,1427,0.3288611140724866,0.2457235235831709,0.90028641596635,0.9041184942366539
copd,HRSN + SVI + Covariates,1,State-Blocked (LOSO),59955,173,0.27074201087434574,0.20464990115367201,0.8627064303720038,0.9050549938989427
copd,HRSN + SVI + Covariates,2,State-Blocked (LOSO),58398,1730,0.3594254269554826,0.24357304005652708,0.876890265707913,0.9057471985386064
copd,HRSN + SVI + Covariates,3,State-Blocked (LOSO),59309,819,0.44652434886352765,0.35539686714409685,0.8011728814124572,0.9053170125991967
copd,HRSN + SVI + Covariates,4,State-Blocked (LOSO),51108,9020,0.2974590397825779,0.23814608332029785,0.7824327788598876,0.9020086617330804
copd,HRSN + SVI + Covariates,5,State-Blocked (LOSO),59256,872,0.35398417402587506,0.2740870897571362,0.614060709324593,0.9060434750520763
copd,HRSN + SVI + Covariates,6,State-Blocked (LOSO),59872,256,0.2602698246189787,0.19371007759466374,0.855328203925017,0.9050931565928247
copd,HRSN + SVI + Covariates,7,State-Blocked (LOSO),59925,203,0.3427200913309346,0.2424356570334266,0.8498366064423981,0.9048568238790529
copd,HRSN + SVI + Covariates,8,State-Blocked (LOSO),57349,2779,0.28804462269422815,0.2180961221640473,0.9171751326383558,0.9043328645797085
copd,HRSN + SVI + Covariates,9,State-Blocked (LOSO),59712,416,0.7406783164891564,0.6531550669785271,-0.2987090847163669,0.9076441421200883
copd,HRSN + SVI + Covariates,10,State-Blocked (LOSO),59676,452,0.2707947039591644,0.207135482320482,0.8325439177092679,0.9052314961393385
copd,HRSN + SVI + Covariates,11,State-Blocked (LOSO),56872,3256,0.26930027066521345,0.19605824993931847,0.9134613117723219,0.904399529093437
copd,HRSN + SVI + Covariates,12,State-Blocked (LOSO),58447,1681,0.35369871944338754,0.2670362445677985,0.8573587795658986,0.9049570959367658
copd,HRSN + SVI + Covariates,13,State-Blocked (LOSO),59236,892,0.26890298929129863,0.21232082205458352,0.835666673131505,0.9053936417642175
copd,HRSN + SVI + Covariates,14,State-Blocked (LOSO),59313,815,0.25353670225643976,0.19175225246876876,0.8887487171917539,0.9051068316402077
copd,HRSN + SVI + Covariates,15,State-Blocked (LOSO),58766,1362,0.366944402734793,0.27982649061950476,0.8994752032293196,0.9037334966116487
copd,HRSN + SVI + Covariates,16,State-Blocked (LOSO),59728,400,0.34004778133062336,0.2645216957205955,0.8373621583830136,0.9049968983980936
copd,HRSN + SVI + Covariates,17,State-Blocked (LOSO),58673,1455,0.26262398518384905,0.20251261385434083,0.9049443517924309,0.9047716925913865
copd,HRSN + SVI + Covariates,18,State-Blocked (LOSO),58541,1587,0.26106190884816866,0.19413400690587376,0.8820153947445787,0.9050547779272949
copd,HRSN + SVI + Covariates,19,State-Blocked (LOSO),57247,2881,0.3154065195042481,0.22351213321480268,0.9068133009748357,0.9028923153508202
copd,HRSN + SVI + Covariates,20,State-Blocked (LOSO),58631,1497,0.3480411843150351,0.30204150214195974,0.6704182611471196,0.9063736244893162
copd,HRSN + SVI + Covariates,21,State-Blocked (LOSO),59259,869,0.745408865112013,0.6442757155824219,0.4696485661024855,0.9095397719940056
copd,HRSN + SVI + Covariates,22,State-Blocked (LOSO),58482,1646,0.4268656783235014,0.3212631159797116,0.831053759083618,0.905986680783798
copd,HRSN + SVI + Covariates,23,State-Blocked (LOSO),59813,315,0.2721932397545193,0.20433991076627045,0.8725689210444127,0.905066238068548
copd,HRSN + SVI + Covariates,24,State-Blocked (LOSO),59581,547,0.4158789925390541,0.370812704171656,0.6004266605505819,0.9061301029515341
copd,HRSN + SVI + Covariates,25,State-Blocked (LOSO),59360,768,0.3390901553165772,0.26221555144117153,0.8244535051474455,0.9056049968064793
copd,HRSN + SVI + Covariates,26,State-Blocked (LOSO),59781,347,0.2538598719318121,0.20852776893639513,0.8005419041041659,0.9051728312022794
copd,HRSN + SVI + Covariates,27,State-Blocked (LOSO),57968,2160,0.23938517649428662,0.18741915072446055,0.8564910414357296,0.9043228856785351
copd,HRSN + SVI + Covariates,28,State-Blocked (LOSO),59531,597,0.43266073462027255,0.3545880939992252,0.7798043104241382,0.9059344856491818
copd,HRSN + SVI + Covariates,29,State-Blocked (LOSO),54903,5225,0.2693756658447339,0.20533549748221988,0.8864829583649168,0.9051811976645386
copd,HRSN + SVI + Covariates,30,State-Blocked (LOSO),57490,2638,0.29307277661009673,0.21641689897025376,0.9134959784951165,0.904303516739652
copd,HRSN + SVI + Covariates,31,State-Blocked (LOSO),59900,228,0.3124388415393912,0.2685491121536578,0.7675372557006244,0.90520141874634
copd,HRSN + SVI + Covariates,32,State-Blocked (LOSO),56979,3149,0.32058087854286155,0.22991103549584396,0.909834361210473,0.9024296639920666
copd,HRSN + SVI + Covariates,33,State-Blocked (LOSO),58938,1190,0.2866514175408034,0.2185197588867006,0.9109717568075295,0.9041727777955936
copd,HRSN + SVI + Covariates,34,State-Blocked (LOSO),59882,246,0.24957563668984492,0.18979480576225763,0.8084529876482921,0.9051219143596797
copd,HRSN + SVI + Covariates,35,State-Blocked (LOSO),58827,1301,0.3128793073585826,0.23743574874574333,0.8956246793955619,0.90471043798809
copd,HRSN + SVI + Covariates,36,State-Blocked (LOSO),59424,704,0.5330301456179827,0.49004466306408223,-0.23483112369286507,0.9071194762009309
copd,HRSN + SVI + Covariates,37,State-Blocked (LOSO),57971,2157,0.2587385706446041,0.1904921991733049,0.9329724498835342,0.903850077468
copd,HRSN + SVI + Covariates,38,State-Blocked (LOSO),59583,545,0.37809327538545673,0.27566632987033046,0.8845857645287802,0.9031679726811213
copd,HRSN + SVI + Covariates,39,State-Blocked (LOSO),58605,1523,0.3720299739905662,0.31553330261241347,0.7112607463293267,0.9068866098379322
copd,Covariates Only,0,State-Blocked (LOSO),58701,1427,0.5656357712721065,0.4032747343097579,0.7050129079377572,0.767893368166884
copd,Covariates Only,1,State-Blocked (LOSO),59955,173,0.4240949562825275,0.34438428443583363,0.6631278476780422,0.768754855758062
copd,Covariates Only,2,State-Blocked (LOSO),58398,1730,0.48782661228126256,0.34445126033421936,0.7732194644667827,0.7684356447708645
copd,Covariates Only,3,State-Blocked (LOSO),59309,819,0.5885225925605888,0.4367211542075726,0.6546085314206826,0.7677703510790088
copd,Covariates Only,4,State-Blocked (LOSO),51108,9020,0.4149802212409981,0.31717767030385496,0.5765580146527605,0.7611612645390151
copd,Covariates Only,5,State-Blocked (LOSO),59256,872,0.4079912921979349,0.30482954693519865,0.487312073263205,0.76925649574926
copd,Covariates Only,6,State-Blocked (LOSO),59872,256,0.3618872306861583,0.27656736506819823,0.7203062559031373,0.768695783353015
copd,Covariates Only,7,State-Blocked (LOSO),59925,203,0.5005303173479068,0.4027478388328049,0.679708273367688,0.7681475608854851
copd,Covariates Only,8,State-Blocked (LOSO),57349,2779,0.503787389800574,0.38150165550666343,0.7466413186574208,0.7695639543828667
copd,Covariates Only,9,State-Blocked (LOSO),59712,416,0.756974943746882,0.6516808351424943,-0.3564869677725384,0.771238329540572
copd,Covariates Only,10,State-Blocked (LOSO),59676,452,0.41864835446612597,0.30269580792338324,0.5997610314517483,0.7691596271494806
copd,Covariates Only,11,State-Blocked (LOSO),56872,3256,0.4233340074700396,0.30792192309645494,0.7861530583086256,0.7676121649724628
copd,Covariates Only,12,State-Blocked (LOSO),58447,1681,0.5816866701417944,0.4153012984794468,0.6142052668239943,0.7696051158647895
copd,Covariates Only,13,State-Blocked (LOSO),59236,892,0.38285822098508115,0.2838454189190002,0.6668726107815747,0.7691840699834898
copd,Covariates Only,14,State-Blocked (LOSO),59313,815,0.4118926704558423,0.29852906268976664,0.7063760472929421,0.7690701773402051
copd,Covariates Only,15,State-Blocked (LOSO),58766,1362,0.5974722876090073,0.4415721018876593,0.7334932571904234,0.7663057080466898
copd,Covariates Only,16,State-Blocked (LOSO),59728,400,0.49148636603027474,0.36418865632992065,0.6602459357039225,0.7684165420361279
copd,Covariates Only,17,State-Blocked (LOSO),58673,1455,0.39947462133800676,0.29945729792560183,0.7800684470698521,0.7679247555212099
copd,Covariates Only,18,State-Blocked (LOSO),58541,1587,0.3972655927454468,0.28820706408002594,0.7267877108168577,0.7685540460001241
copd,Covariates Only,19,State-Blocked (LOSO),57247,2881,0.5493748072571292,0.38537591746069544,0.7172842028843303,0.7666862798543688
copd,Covariates Only,20,State-Blocked (LOSO),58631,1497,0.5471642192635559,0.46198858718292385,0.18541343174261393,0.7724480938566494
copd,Covariates Only,21,State-Blocked (LOSO),59259,869,0.5725210418468858,0.4265695133765569,0.6871345932629036,0.7676244848522719
copd,Covariates Only,22,State-Blocked (LOSO),58482,1646,0.5666587987381244,0.4083743136826821,0.7022790940366128,0.7682227613307178
copd,Covariates Only,23,State-Blocked (LOSO),59813,315,0.37382750635523077,0.27973450585428705,0.7596394449473394,0.7685646524536726
copd,Covariates Only,24,State-Blocked (LOSO),59581,547,0.3993433329886236,0.3101945840907059,0.631569637448707,0.7690765979015445
copd,Covariates Only,25,State-Blocked (LOSO),59360,768,0.4618168299348954,0.3318879443556912,0.6743873180458485,0.7693198468970935
copd,Covariates Only,26,State-Blocked (LOSO),59781,347,0.3090967516243122,0.24031126620755638,0.7042992422075998,0.7686859466469986
copd,Covariates Only,27,State-Blocked (LOSO),57968,2160,0.4014264746028587,0.31391137421341636,0.5964507656962958,0.7678095496325473
copd,Covariates Only,28,State-Blocked (LOSO),59531,597,0.5004311683999823,0.36627937997586024,0.7054204810197003,0.76913747979906
copd,Covariates Only,29,State-Blocked (LOSO),54903,5225,0.44535014360186564,0.3392936537061254,0.6897244630646198,0.7711877646043037
copd,Covariates Only,30,State-Blocked (LOSO),57490,2638,0.4918405936904402,0.3555411370431177,0.7563681403355488,0.7685601216795914
copd,Covariates Only,31,State-Blocked (LOSO),59900,228,0.5415682290374418,0.44931214096596445,0.30155907302415164,0.7693149065107104
copd,Covariates Only,32,State-Blocked (LOSO),56979,3149,0.5659542053309682,0.38569574179016486,0.7189857022529027,0.7663625387912129
copd,Covariates Only,33,State-Blocked (LOSO),58938,1190,0.5509266576103603,0.41264239299518707,0.6711429247747212,0.7686607736949969
copd,Covariates Only,34,State-Blocked (LOSO),59882,246,0.3687733916923692,0.27118532601994744,0.5817940934455728,0.7688463184016667
copd,Covariates Only,35,State-Blocked (LOSO),58827,1301,0.49754761242529255,0.3689095792379307,0.7360550041908691,0.7682677377742347
copd,Covariates Only,36,State-Blocked (LOSO),59424,704,0.5277332202345827,0.4135813952945399,-0.2104110824852905,0.7694247852406338
copd,Covariates Only,37,State-Blocked (LOSO),57971,2157,0.4528974065506798,0.33562941596447293,0.7946329974804096,0.7674264584336989
copd,Covariates Only,38,State-Blocked (LOSO),59583,545,0.9186817322193391,0.7062335512356982,0.31861646695176693,0.7686777112832758
copd,Covariates Only,39,State-Blocked (LOSO),58605,1523,0.46538369842639066,0.3564095829954847,0.5481728756803463,0.7711983574083482
stroke,HRSN + Covariates,0,State-Blocked (LOSO),58701,1427,0.3867203001130974,0.27815860951446003,0.9078330906814615,0.884286266741036
stroke,HRSN + Covariates,1,State-Blocked (LOSO),59955,173,0.4068943902956017,0.320371298195357,0.7075710809422958,0.8869840290801296
stroke,HRSN + Covariates,2,State-Blocked (LOSO),58398,1730,0.41370616744620553,0.30242074762328414,0.8549075563295587,0.8877133835071971
stroke,HRSN + Covariates,3,State-Blocked (LOSO),59309,819,0.4286577910430974,0.3370151990082828,0.8449444663147954,0.8866417504942141
stroke,HRSN + Covariates,4,State-Blocked (LOSO),51108,9020,0.45565949017836715,0.38720438637856586,0.5757611575217731,0.8941688126728919
stroke,HRSN + Covariates,5,State-Blocked (LOSO),59256,872,0.2778602465878481,0.2049822652932765,0.8129927777724577,0.8870252842387759
stroke,HRSN + Covariates,6,State-Blocked (LOSO),59872,256,0.342284773216992,0.25756253164940635,0.7580771105455316,0.8869766499410997
stroke,HRSN + Covariates,7,State-Blocked (LOSO),59925,203,0.3223167160994275,0.22181805805526666,0.9368582716178523,0.886352140032257
stroke,HRSN + Covariates,8,State-Blocked (LOSO),57349,2779,0.37924744102920693,0.2852147400910576,0.885588253388684,0.8864451004846314
stroke,HRSN + Covariates,9,State-Blocked (LOSO),59712,416,0.568461392467788,0.47623932661121116,0.5026232319794353,0.8882634204229835
stroke,HRSN + Covariates,10,State-Blocked (LOSO),59676,452,0.28135943185406653,0.20862792379306438,0.8227310818294535,0.8869075821567103
stroke,HRSN + Covariates,11,State-Blocked (LOSO),56872,3256,0.36415108742430774,0.26369117840375844,0.8752198723934899,0.8869454433695446
stroke,HRSN + Covariates,12,State-Blocked (LOSO),58447,1681,0.326531457625534,0.23577838316228245,0.8650125396509196,0.8870818148869724
stroke,HRSN + Covariates,13,State-Blocked (LOSO),59236,892,0.27674805159966814,0.20354489984615284,0.8097502824993259,0.8871628406253153
stroke,HRSN + Covariates,14,State-Blocked (LOSO),59313,815,0.26599664143905344,0.19512066666631314,0.8608483633796971,0.8868726337705969
stroke,HRSN + Covariates,15,State-Blocked (LOSO),58766,1362,0.3873303437723142,0.28252577545212415,0.9185599692831901,0.8833044778091845
stroke,HRSN + Covariates,16,State-Blocked (LOSO),59728,400,0.2644552609011517,0.19908734932924965,0.8351413802458704,0.886853443327937
stroke,HRSN + Covariates,17,State-Blocked (LOSO),58673,1455,0.2853218442235348,0.20513680039405616,0.9151921282161214,0.8859995178998266
stroke,HRSN + Covariates,18,State-Blocked (LOSO),58541,1587,0.27476813146976325,0.20343363936342468,0.8593411413514209,0.8864705371984787
stroke,HRSN + Covariates,19,State-Blocked (LOSO),57247,2881,0.4596066829646307,0.3534299901811677,0.8276395807597565,0.8892747865629728
stroke,HRSN + Covariates,20,State-Blocked (LOSO),58631,1497,0.2425534956431712,0.17858990001612357,0.8706049246996017,0.8865936684837773
stroke,HRSN + Covariates,21,State-Blocked (LOSO),59259,869,0.7813786253594398,0.6377253577711288,0.6410992394160033,0.89005016379364
stroke,HRSN + Covariates,22,State-Blocked (LOSO),58482,1646,0.4010611413097571,0.3052906431048017,0.8457669486426483,0.8875043880709066
stroke,HRSN + Covariates,23,State-Blocked (LOSO),59813,315,0.383580854453564,0.2700488313664239,0.7500397270159338,0.8871252682779163
stroke,HRSN + Covariates,24,State-Blocked (LOSO),59581,547,0.34018497198108155,0.27678290190287014,0.7741432045925335,0.8871705739550021
stroke,HRSN + Covariates,25,State-Blocked (LOSO),59360,768,0.2737232867777237,0.2102450522926168,0.880004638311458,0.8867640215043838
stroke,HRSN + Covariates,26,State-Blocked (LOSO),59781,347,0.232299631805356,0.17902450996335678,0.8009112842386588,0.8867794867900828
stroke,HRSN + Covariates,27,State-Blocked (LOSO),57968,2160,0.24908253329567212,0.1890902052308662,0.9017513174642715,0.8857761209104626
stroke,HRSN + Covariates,28,State-Blocked (LOSO),59531,597,0.3990961436713585,0.28416820387004016,0.8230069042354046,0.8871618453574546
stroke,HRSN + Covariates,29,State-Blocked (LOSO),54903,5225,0.29696936698541715,0.2184994488804736,0.8709304939787913,0.8871460970980888
stroke,HRSN + Covariates,30,State-Blocked (LOSO),57490,2638,0.3525279365083801,0.25130701751443846,0.8936117969205118,0.8859837868614229
stroke,HRSN + Covariates,31,State-Blocked (LOSO),59900,228,0.33737652148740527,0.24848934800644895,0.7997574312033634,0.8868815013037842
stroke,HRSN + Covariates,32,State-Blocked (LOSO),56979,3149,0.32756115331479324,0.21967077602697,0.9095793242059709,0.8845788301409111
stroke,HRSN + Covariates,33,State-Blocked (LOSO),58938,1190,0.3293058794726145,0.25246126855107204,0.8713608119487977,0.8867183996643867
stroke,HRSN + Covariates,34,State-Blocked (LOSO),59882,246,0.2742617795551792,0.19714669341970975,0.7335469405049394,0.8868537156186497
stroke,HRSN + Covariates,35,State-Blocked (LOSO),58827,1301,0.3678652963274647,0.2697526646917842,0.894904360547059,0.8856243497009906
stroke,HRSN + Covariates,36,State-Blocked (LOSO),59424,704,0.2721545672287717,0.2003100764910542,0.770892797870437,0.8862120573893567
stroke,HRSN + Covariates,37,State-Blocked (LOSO),57971,2157,0.2999196808423008,0.21422468975707623,0.9189740874261126,0.8852853323480885
stroke,HRSN + Covariates,38,State-Blocked (LOSO),59583,545,0.4280105102798332,0.3358804663217159,0.7187308427487257,0.8872476656982413
stroke,HRSN + Covariates,39,State-Blocked (LOSO),58605,1523,0.34813242562539726,0.24847264923580759,0.8178159746349469,0.8876577794646857
stroke,SVI + Covariates,0,State-Blocked (LOSO),58701,1427,0.629870154382431,0.4417204042180733,0.7554975896830055,0.7920180377139734
stroke,SVI + Covariates,1,State-Blocked (LOSO),59955,173,0.4136103225270685,0.3213605050921323,0.6978381352727017,0.7934558693045807
stroke,SVI + Covariates,2,State-Blocked (LOSO),58398,1730,0.5121978677815073,0.35055013078541336,0.7775992041406545,0.7938367083919592
stroke,SVI + Covariates,3,State-Blocked (LOSO),59309,819,0.5361677295451761,0.3894841960779594,0.7574131977176684,0.792695491706709
stroke,SVI + Covariates,4,State-Blocked (LOSO),51108,9020,0.3720932392731076,0.27434350318817385,0.7170998695279307,0.7934329716772504
stroke,SVI + Covariates,5,State-Blocked (LOSO),59256,872,0.3758289268374505,0.2825118580282275,0.6578740995204175,0.7939099621036652
stroke,SVI + Covariates,6,State-Blocked (LOSO),59872,256,0.4100865332257463,0.3107920758564697,0.6527415542000737,0.7936111638503877
stroke,SVI + Covariates,7,State-Blocked (LOSO),59925,203,0.4371426257467628,0.3340332439734996,0.8838559089300843,0.7926685312246844
stroke,SVI + Covariates,8,State-Blocked (LOSO),57349,2779,0.5509942421015462,0.40863705980760034,0.7584987302803095,0.7951365007571394
stroke,SVI + Covariates,9,State-Blocked (LOSO),59712,416,0.5019788690999512,0.37141183999665245,0.6121583743862756,0.7941201508551908
stroke,SVI + Covariates,10,State-Blocked (LOSO),59676,452,0.3762013398599046,0.28153704789922956,0.6830795137565364,0.7936548615502275
stroke,SVI + Covariates,11,State-Blocked (LOSO),56872,3256,0.4170496663444926,0.29561953509173067,0.8363342672468296,0.7905464142501754
stroke,SVI + Covariates,12,State-Blocked (LOSO),58447,1681,0.4386557034400255,0.303080144428074,0.7563923437005488,0.7940797443075926
stroke,SVI + Covariates,13,State-Blocked (LOSO),59236,892,0.3405139823621065,0.2424565293136233,0.7119785872457618,0.7938020214836343
stroke,SVI + Covariates,14,State-Blocked (LOSO),59313,815,0.38465430061428835,0.28161451078812566,0.709010581124498,0.7938725922955647
stroke,SVI + Covariates,15,State-Blocked (LOSO),58766,1362,0.6683960920275192,0.47430381432710556,0.7574827191511322,0.7911516748441831
stroke,SVI + Covariates,16,State-Blocked (LOSO),59728,400,0.332243954270391,0.2506987010011238,0.7397915405984214,0.793466058379175
stroke,SVI + Covariates,17,State-Blocked (LOSO),58673,1455,0.4553402734797044,0.3326439920757098,0.7840077104659009,0.7934552985917311
stroke,SVI + Covariates,18,State-Blocked (LOSO),58541,1587,0.3624853327763344,0.2684715135223497,0.7551978401551536,0.7927642117514853
stroke,SVI + Covariates,19,State-Blocked (LOSO),57247,2881,0.479702875013837,0.3219078090345615,0.8122372166521248,0.7913521797131788
stroke,SVI + Covariates,20,State-Blocked (LOSO),58631,1497,0.3518483579760931,0.25533596468860603,0.7277212621040949,0.7935093943795624
stroke,SVI + Covariates,21,State-Blocked (LOSO),59259,869,0.688034753408131,0.4871338845870577,0.7217263555501401,0.7918324237208061
stroke,SVI + Covariates,22,State-Blocked (LOSO),58482,1646,0.47014694821299857,0.3314972100212824,0.7880548305259594,0.7931255972563227
stroke,SVI + Covariates,23,State-Blocked (LOSO),59813,315,0.4256396121823249,0.29424524598176316,0.6922194131118009,0.7936316753512338
stroke,SVI + Covariates,24,State-Blocked (LOSO),59581,547,0.3352110810588856,0.24842516734510087,0.7806994875469193,0.7932878524765055
stroke,SVI + Covariates,25,State-Blocked (LOSO),59360,768,0.3984566228708041,0.3104122914664863,0.7457253494076246,0.7937047552030945
stroke,SVI + Covariates,26,State-Blocked (LOSO),59781,347,0.29822985403545327,0.23015591943370473,0.6718655455207561,0.7933884112372792
stroke,SVI + Covariates,27,State-Blocked (LOSO),57968,2160,0.3894242677769099,0.2971885078573706,0.7598479981002577,0.792994182372254
stroke,SVI + Covariates,28,State-Blocked (LOSO),59531,597,0.652089885033943,0.4618543573860275,0.5274843577132388,0.7954661925573212
stroke,SVI + Covariates,29,State-Blocked (LOSO),54903,5225,0.4376533130581434,0.32789557132703484,0.7196756767727082,0.7970498159183262
stroke,SVI + Covariates,30,State-Blocked (LOSO),57490,2638,0.5064586907479873,0.36110373426724535,0.7804191551343289,0.7935058742023116
stroke,SVI + Covariates,31,State-Blocked (LOSO),59900,228,0.4207966116988978,0.29689561176132223,0.6884905944663059,0.7935129465665676
stroke,SVI + Covariates,32,State-Blocked (LOSO),56979,3149,0.5088891270284576,0.33586474029734925,0.7817625346364623,0.7930944488464082
stroke,SVI + Covariates,33,State-Blocked (LOSO),58938,1190,0.4962818090498165,0.3775098405010927,0.7078330855340201,0.7942538126571101
stroke,SVI + Covariates,34,State-Blocked (LOSO),59882,246,0.3868428496618533,0.2866676516021158,0.46989819895725626,0.793631261902975
stroke,SVI + Covariates,35,State-Blocked (LOSO),58827,1301,0.5334453941413381,0.38367504575602157,0.7790026847214582,0.7922453178167974
stroke,SVI + Covariates,36,State-Blocked (LOSO),59424,704,0.4028625457792878,0.2940553206643277,0.49797970626434973,0.7927529105917208
stroke,SVI + Covariates,37,State-Blocked (LOSO),57971,2157,0.45404700341035525,0.3246646367365137,0.8142984074761492,0.7923443689685113
stroke,SVI + Covariates,38,State-Blocked (LOSO),59583,545,0.47971719101015653,0.3509958833695247,0.6466673192192341,0.7935179137525424
stroke,SVI + Covariates,39,State-Blocked (LOSO),58605,1523,0.39372194698238083,0.2568516761349569,0.7669760339865347,0.7937563863181224
stroke,HRSN + SVI + Covariates,0,State-Blocked (LOSO),58701,1427,0.39003176068661377,0.27998336732587914,0.906247894246539,0.8888160908591761
stroke,HRSN + SVI + Covariates,1,State-Blocked (LOSO),59955,173,0.3804622788904442,0.29418140508587487,0.7443297925200014,0.8911760645016519
stroke,HRSN + SVI + Covariates,2,State-Blocked (LOSO),58398,1730,0.40682167089996735,0.29740981667739,0.8596963520467925,0.8919009043107897
stroke,HRSN + SVI + Covariates,3,State-Blocked (LOSO),59309,819,0.4192614940047292,0.32689271364824785,0.8516676825148912,0.8908622197347386
stroke,HRSN + SVI + Covariates,4,State-Blocked (LOSO),51108,9020,0.4639358274450133,0.39359979128970796,0.5602099355349017,0.898978286970234
stroke,HRSN + SVI + Covariates,5,State-Blocked (LOSO),59256,872,0.2814782815410379,0.20764238672946492,0.8080910065345033,0.8913261462240528
stroke,HRSN + SVI + Covariates,6,State-Blocked (LOSO),59872,256,0.32517850566866713,0.2493280039943319,0.7816538877461776,0.8911822334044018
stroke,HRSN + SVI + Covariates,7,State-Blocked (LOSO),59925,203,0.31836443784910284,0.22415438832584747,0.9383972774583651,0.8906154030384599
stroke,HRSN + SVI + Covariates,8,State-Blocked (LOSO),57349,2779,0.3739075948127284,0.2799530851324055,0.8887874315875791,0.8907604269457582
stroke,HRSN + SVI + Covariates,9,State-Blocked (LOSO),59712,416,0.5356988740306929,0.44411867408240185,0.5583024260023381,0.8922725160083083
stroke,HRSN + SVI + Covariates,10,State-Blocked (LOSO),59676,452,0.2619410329926645,0.1942946153694894,0.8463556093542115,0.8910884547061776
stroke,HRSN + SVI + Covariates,11,State-Blocked (LOSO),56872,3256,0.35056425554956644,0.25440694295189514,0.884357501154888,0.8909162007902496
stroke,HRSN + SVI + Covariates,12,State-Blocked (LOSO),58447,1681,0.317638578058201,0.23066352340687954,0.8722650156913738,0.891261794360351
stroke,HRSN + SVI + Covariates,13,State-Blocked (LOSO),59236,892,0.2724520093003513,0.1993730620475785,0.8156110433751957,0.8913978544098986
stroke,HRSN + SVI + Covariates,14,State-Blocked (LOSO),59313,815,0.25695172532533384,0.18881849887761384,0.8701508566977691,0.8910837475551248
stroke,HRSN + SVI + Covariates,15,State-Blocked (LOSO),58766,1362,0.3929542595657086,0.28615733797013304,0.9161778322925221,0.8879131376396601
stroke,HRSN + SVI + Covariates,16,State-Blocked (LOSO),59728,400,0.2502440318452251,0.18520056063465729,0.8523835711150731,0.8910634465792543
stroke,HRSN + SVI + Covariates,17,State-Blocked (LOSO),58673,1455,0.2836836789888626,0.20343693631050472,0.9161631753416474,0.8903236540854087
stroke,HRSN + SVI + Covariates,18,State-Blocked (LOSO),58541,1587,0.28499716833221317,0.21266811024192345,0.8486733359509607,0.8909286521784566
stroke,HRSN + SVI + Covariates,19,State-Blocked (LOSO),57247,2881,0.4466874148123413,0.3420286351501314,0.8371932881589099,0.8932513081140139
stroke,HRSN + SVI + Covariates,20,State-Blocked (LOSO),58631,1497,0.23359119051923638,0.17169680006882088,0.8799905095237744,0.8907916231672369
stroke,HRSN + SVI + Covariates,21,State-Blocked (LOSO),59259,869,0.7883920460423167,0.6409995567976385,0.6346275535974747,0.8944768307887149
stroke,HRSN + SVI + Covariates,22,State-Blocked (LOSO),58482,1646,0.38281523489373614,0.29150846711391676,0.859481111401119,0.8914899572826241
stroke,HRSN + SVI + Covariates,23,State-Blocked (LOSO),59813,315,0.3656482748618273,0.2591955009528729,0.7728649257157207,0.8913130502946351
stroke,HRSN + SVI + Covariates,24,State-Blocked (LOSO),59581,547,0.3381527200831646,0.27328796732559607,0.7768336637305895,0.8914245651233024
stroke,HRSN + SVI + Covariates,25,State-Blocked (LOSO),59360,768,0.2653582137400345,0.20519788200453762,0.887226765499655,0.8909868293977304
stroke,HRSN + SVI + Covariates,26,State-Blocked (LOSO),59781,347,0.2263415928930382,0.17710367707569613,0.8109928044705053,0.8910180222419529
stroke,HRSN + SVI + Covariates,27,State-Blocked (LOSO),57968,2160,0.2467881535061088,0.18934006245213328,0.9035529820071998,0.8901003641700658
stroke,HRSN + SVI + Covariates,28,State-Blocked (LOSO),59531,597,0.39728820407583276,0.28156024195259854,0.8246068597028928,0.8914244727119397
stroke,HRSN + SVI + Covariates,29,State-Blocked (LOSO),54903,5225,0.29436268701803886,0.2176507897217479,0.8731863920711009,0.8915389689583562
stroke,HRSN + SVI + Covariates,30,State-Blocked (LOSO),57490,2638,0.34133490937536837,0.24567733514693188,0.9002603568136116,0.8901160885427358
stroke,HRSN + SVI + Covariates,31,State-Blocked (LOSO),59900,228,0.32406866949940566,0.23457549697932603,0.8152430484558237,0.8911027338273401
stroke,HRSN + SVI + Covariates,32,State-Blocked (LOSO),56979,3149,0.3232308666957453,0.2186258631769872,0.911954205066382,0.888976239893329
stroke,HRSN + SVI + Covariates,33,State-Blocked (LOSO),58938,1190,0.31984676302113874,0.24393782481644605,0.8786448418877669,0.8909187618421144
stroke,HRSN + SVI + Covariates,34,State-Blocked (LOSO),59882,246,0.2754483234211853,0.1948494759891043,0.7312364315853468,0.8911078116709336
stroke,HRSN + SVI + Covariates,35,State-Blocked (LOSO),58827,1301,0.3665970488280323,0.2691930092311668,0.8956277640512015,0.8899988164643234
stroke,HRSN + SVI + Covariates,36,State-Blocked (LOSO),59424,704,0.2656553350326461,0.196799067783701,0.7817046061330911,0.8904698173049921
stroke,HRSN + SVI + Covariates,37,State-Blocked (LOSO),57971,2157,0.2942476209260577,0.21246776618525715,0.92200982033341,0.889584938471164
stroke,HRSN + SVI + Covariates,38,State-Blocked (LOSO),59583,545,0.42659610308790846,0.3365362915261776,0.7205867400904485,0.8915073299396734
stroke,HRSN + SVI + Covariates,39,State-Blocked (LOSO),58605,1523,0.32790555740253446,0.23141100774168652,0.8383711451533673,0.8916527284066607
stroke,Covariates Only,0,State-Blocked (LOSO),58701,1427,0.6348380618633083,0.4449300170426632,0.7516255043179005,0.7811644953723749
stroke,Covariates Only,1,State-Blocked (LOSO),59955,173,0.42348562827960134,0.32670810302453007,0.6832371317393728,0.7830057254578958
stroke,Covariates Only,2,State-Blocked (LOSO),58398,1730,0.5303942638409932,0.36364170265324525,0.7615164423801724,0.7835995368792501
stroke,Covariates Only,3,State-Blocked (LOSO),59309,819,0.5553706023932762,0.40432832034537786,0.7397255115196812,0.7822957973881678
stroke,Covariates Only,4,State-Blocked (LOSO),51108,9020,0.3716147816964823,0.26996706818911154,0.7178269382985238,0.7823000789132083
stroke,Covariates Only,5,State-Blocked (LOSO),59256,872,0.38561841336862335,0.28794651810952593,0.6398187735765833,0.7834879007572226
stroke,Covariates Only,6,State-Blocked (LOSO),59872,256,0.4280213654831513,0.32678439448255014,0.6217031735902592,0.7831968372837455
stroke,Covariates Only,7,State-Blocked (LOSO),59925,203,0.45054359466968824,0.34327375335101223,0.8766257726247837,0.7821864019515813
stroke,Covariates Only,8,State-Blocked (LOSO),57349,2779,0.5652321743405699,0.4180645119144123,0.7458564761701435,0.7848179753658255
stroke,Covariates Only,9,State-Blocked (LOSO),59712,416,0.5087532809973636,0.3653819195370977,0.601619572847773,0.7836905140646226
stroke,Covariates Only,10,State-Blocked (LOSO),59676,452,0.3985813717475934,0.2914001037865745,0.6442510453594206,0.7832918706493327
stroke,Covariates Only,11,State-Blocked (LOSO),56872,3256,0.4294160651505096,0.3033381511958918,0.8264842989694335,0.7800496689632386
stroke,Covariates Only,12,State-Blocked (LOSO),58447,1681,0.4545944706163002,0.31106248858426966,0.7383675123939997,0.7837907464406199
stroke,Covariates Only,13,State-Blocked (LOSO),59236,892,0.35277532895803754,0.24703971857879448,0.6908627867470382,0.7834092915235513
stroke,Covariates Only,14,State-Blocked (LOSO),59313,815,0.3985398121866867,0.2874681175370089,0.6876227221725681,0.7834902993335688
stroke,Covariates Only,15,State-Blocked (LOSO),58766,1362,0.6631695052720075,0.4738448821343065,0.7612606640186759,0.7799086919098043
stroke,Covariates Only,16,State-Blocked (LOSO),59728,400,0.3414989723152226,0.2590785273169638,0.7250928473692927,0.7830211317154385
stroke,Covariates Only,17,State-Blocked (LOSO),58673,1455,0.4678297670537858,0.3443301922895638,0.7719963375468463,0.7830320086692248
stroke,Covariates Only,18,State-Blocked (LOSO),58541,1587,0.37056813790586296,0.27178237238285274,0.74415877921032,0.7822622100263428
stroke,Covariates Only,19,State-Blocked (LOSO),57247,2881,0.4888199881771767,0.32793472548868796,0.805032248019061,0.7806618335738418
stroke,Covariates Only,20,State-Blocked (LOSO),58631,1497,0.35596097612522737,0.2573141044990706,0.721318942579856,0.7829826355043648
stroke,Covariates Only,21,State-Blocked (LOSO),59259,869,0.6899822074576718,0.48904558618512245,0.7201488419682416,0.780989281408067
stroke,Covariates Only,22,State-Blocked (LOSO),58482,1646,0.4825948521613953,0.33926928008464885,0.7766830694005095,0.7826870527141421
stroke,Covariates Only,23,State-Blocked (LOSO),59813,315,0.43360908200485115,0.30039254809515725,0.6805860453619406,0.7831805253114853
stroke,Covariates Only,24,State-Blocked (LOSO),59581,547,0.3519040949818561,0.25431869176779665,0.7583139663937082,0.7828824558951313
stroke,Covariates Only,25,State-Blocked (LOSO),59360,768,0.40286937646169285,0.30915289101014115,0.7400621757717623,0.7832138859707185
stroke,Covariates Only,26,State-Blocked (LOSO),59781,347,0.302271359340995,0.2305177707353771,0.6629117608713941,0.7829229943914265
stroke,Covariates Only,27,State-Blocked (LOSO),57968,2160,0.38808204097425525,0.2956330774597417,0.7615006067282588,0.78220881747598
stroke,Covariates Only,28,State-Blocked (LOSO),59531,597,0.6511698025067848,0.45724039063497723,0.5288168325243585,0.7849307159170003
stroke,Covariates Only,29,State-Blocked (LOSO),54903,5225,0.44520650711593246,0.33210580137988144,0.7099162853588277,0.7865718361686118
stroke,Covariates Only,30,State-Blocked (LOSO),57490,2638,0.5292246796738268,0.3711761023082658,0.7602345657440137,0.7835591358833963
stroke,Covariates Only,31,State-Blocked (LOSO),59900,228,0.4577427540983211,0.32710717466695965,0.631387844749492,0.7831555197828526
stroke,Covariates Only,32,State-Blocked (LOSO),56979,3149,0.518833012057851,0.34116817668190963,0.773150321446072,0.7824662073777986
stroke,Covariates Only,33,State-Blocked (LOSO),58938,1190,0.5342787154549434,0.4088192335181333,0.6613819791389257,0.7844060523843841
stroke,Covariates Only,34,State-Blocked (LOSO),59882,246,0.3805505016570272,0.27689380206990527,0.48700311307452426,0.7831396656905534
stroke,Covariates Only,35,State-Blocked (LOSO),58827,1301,0.5441448002484764,0.39225448117232287,0.7700486172792899,0.7816739222190762
stroke,Covariates Only,36,State-Blocked (LOSO),59424,704,0.41438428981589487,0.29245487485821564,0.46885383280350357,0.7822809643947102
stroke,Covariates Only,37,State-Blocked (LOSO),57971,2157,0.4755401428444028,0.33967637042926124,0.7963012479343978,0.7821970784423452
stroke,Covariates Only,38,State-Blocked (LOSO),59583,545,0.49567490146678056,0.3608490652817563,0.6227692367388242,0.7831085459819308
stroke,Covariates Only,39,State-Blocked (LOSO),58605,1523,0.41477188706654633,0.27291204076638426,0.7413931843894326,0.7835551416057254
